Title,Production Company,Director,Actor 1,Actor 2,Actor 3
Nine Months,1492 Pictures,Chris Columbus,Hugh Grant,Julianne Moore,Robin Williams
Dirty Harry,The Malpaso Company,Don Siegel,Clint Eastwood,Harry Guardino,
Looking,"Mission Street Productions, LLC",Andrew Haigh,Jonathan Groff,Frankie J. Alvarez,Murray Bartlett
The Diary of a Teenage Girl,"Diary the Movie, LLC",Marielle Heller,Alexander Skarsgard,Kristen Wiig,Christopher Meloni
Take the Money and Run,American Broadcasting Company (ABC),Woody Allen,Woody Allen,Janet Margolin,
"Looking ""Special""","Mission Street Productions, LLC",Andrew Haigh,Jonathan Groff,Frankie Alvarez,Murray Bartlett
Blue Jasmine,Perdido Productions,Woody Allen,Cate Blanchett,Alec Baldwin,Peter Sarsgaard
Venom,"L.O.Z. Productions, Inc.",Ruben Fleischer,Tom Hardy,Michelle Wiliams,Riz Ahmed
Mission (aka City of Bars),,Loren Marsh,Chris Coburn,,
Vertigo,Alfred J. Hitchcock Productions,Alfred Hitchcock,James Stewart,Kim Novak,Barbara Bel Geddes
The Internship,Twentieth Century Fox Film Corporation,Shawn Levy,Vince Vaughn,Owen Wilson,Rose Byrne
Ant-Man,"PYM Particles Productions, LLC",Peyton Reed,Michael Douglas,Paul Rudd,
Pushing Dead,"Pushing Dead , LLC",Tom Brown,Danny Glover,James Roday,Robin Weigert
The Lady from Shanghai,Columbia Pictures Corp.,Orson Welles,Rita Hayworth,Orson Welles,Everett Sloane
Sense8 - Season 2,"Unpronounceable Productions, LLC",Wachowski Siblings,Jamie Clayton,Daryl Hannah,Naveen Andrews
The Dead Pool,Warner Bros. Pictures,Buddy Van Horn,Clint Eastwood,Liam Neeson,Patricia Clarkson
Tin Cup,Regency Enterprises,Ron Shelton,Kevin Costner,Rene Russo,
San Andreas,"Upside Down Productions, Inc.",Brad Peyton,Dwayne Johnson,,
Chance- Season 1 ep102,TVM Productions,Lenny Abrahamson,Hugh Laurie,Gretchen Mol,Ethan Suplee
Terminator - Genisys,T5 Productions LLC,Alan Taylor,Arnold Schwarzenegger,Jason Clarke,
The Dead Pool,Warner Bros. Pictures,Buddy Van Horn,Clint Eastwood,Liam Neeson,Patricia Clarkson
180,SPI Cinemas,Jayendra,Siddarth,Nithya Menon,Priya Anand
The Diary of a Teenage Girl,"Diary the Movie, LLC",Marielle Heller,Alexander Skarsgard,Kristen Wiig,Christopher Meloni
Dawn of the Planet of the Apes,"Fox Louisiana Productions, LLC",Matt Reeves,Gary Oldman,Keri Russell,Andy Serkis
Looking Season 2 ep 202,"Mission Street Productions, LLC",Andrew Haigh,Jonathan Groff,Frankie Alvarez,Murray Bartlett
Chance- Season 1 ep103,TVM Productions,Michael Lehmann,Hugh Laurie,Gretchen Mol,Ethan Suplee
"Murder in the First, Season 2",Turner North Center Productions,Steven Bochcho,Taye Diggs,Kathleen Robertson,Ian Anthony Dale
Pushing Dead,"Pushing Dead , LLC",Tom Brown,Danny Glover,James Roday,Robin Weigert
A Taiwanese Tale of Two Cities,Envision Productions Inc.,Tien-Lun Yeh,Tammy Cheng,Peggy Tseng,Shen-Hao Wen
Invasion of the Body Snatchers,Solofilm,Philip Kaufman,Donald Sutherland,Jeff Goldblum,Brooke Adams
Looking Season 2 ep 204,"Mission Street Productions, LLC",Andrew Haigh,Jonathan Groff,Frankie Alvarez,Murray Bartlett
Joy Luck Club,Hollywood Pictures,Wayne Wang,Kieu Chinh,Tsai Chin,France Nuyen
When We Rise,Film 49 Productions,Gus Van Sant,Guy Pierce,Mary-Louise Parker,Michael Kenneth Williams
Dirty Harry,The Malpaso Company,Don Siegel,Clint Eastwood,Harry Guardino,
Sense8,"Unpronounceable Productions, LLC",The Wachowskis,Jamie Clayton,,
"Murder in the First, Season 3",Turner North Center Productions,Steven Bochcho,Taye Diggs,Kathleen Robertson,Ian Anthony Dale
About a Boy,NBC Studios,Mark J. Kunerth,David Walton,Minnie Driver,
Time After Time,Orion Pictures Corp.,Nicholas Meyer,Malcolm McDowell,Mary Steenburgen,David Warner
Good NeighborSam,Columbia Pictures Corporation,David Swift,Jack Lemmon,Romy Schneider,Dorothy Provine
Getting Even with Dad,Metro-Goldwyn-Mayer (MGM),Howard Deutch,Macaulay Culkin,Ted Danson,
Godzilla,"Nautilus Productions, LLC",Gareth Edwards,Aaron Taylor-Johnson,Elizabeth Olsen,Bryan Cranston
The Last Black Man in San Francisco,"LBMISF, LLC",Joe Talbot,Jimmie Fails,Jonathan Majors,Danny Glover
Vertigo,Alfred J. Hitchcock Productions,Alfred Hitchcock,James Stewart,Kim Novak,Barbara Bel Geddes
Nine Months,1492 Pictures,Chris Columbus,Hugh Grant,Julianne Moore,Robin Williams
Sudden Impact,Warner Bros. Pictures,Clint Eastwood,Clint Eastwood,Sondra Locke,Pat Hingle
Experiment in Terror,Columbia Pictures Corporation,Blake Edwards,Glenn Ford,Lee Remick,Stefanie Powers
Mother,Paramount Pictures,Albert Brooks,Albert Brooks,Debbie Reynolds,
I's,Banshee Cinema,Chris Edgette,,,
The Last of the Gladiators,Twin Tower Enterprises,Martin Jay Sadoff,Evel Knievel,,
Time After Time,Orion Pictures Corp.,Nicholas Meyer,Malcolm McDowell,Mary Steenburgen,David Warner
Quitters,"Frederick & Ashbury, LLC.",Noah Pritzker,Kara Hayward,Mira Sorvino,Saffron Burrows
Etruscan Smile,"Po Valley Productions, LLC",Oded Binnun/ Michel Brezis,Brian Cox,Roseanne Arquette,Thora Birch
Vegas in Space,Troma Entertainment,Phillip R. Ford,Doris Fish,Miss X,Ginger Quest
Dawn of the Planet of the Apes,"Fox Louisiana Productions, LLC",Matt Reeves,Gary Oldman,Keri Russell,Andy Serkis
A Smile Like Yours,Paramount Pictures,Keith Samples,Greg Kinnear,Lauren Holly,
The Towering Inferno,Irwin Allen Productions,John Guillermin,Steve McQueen,Paul Newman,William Holden
Looking Season 2 ep 205,"Mission Street Productions, LLC",Andrew Haigh,Jonathan Groff,Frankie Alvarez,Murray Bartlett
"Smile Again, Jenny Lee",Carlo Caldana/Marguery Films,Carlo Caldana,Craig Tsuyumine,Puneet Prasad,Larry Kitagawa
Big Eyes,Blink & Wink Productions,Tim Burton,Amy Adams,Krysten Ritter,Christoph Waltz
Chance - Season 1ep105,TVM Productions,Victoria Morrow,Hugh Laurie,Gretchen Mol,Ethan Suplee
Edtv,Imagine Entertainment,Ron Howard,Matthew McConaughey,Jenna Elfman,
Chance - Season 1 Pilot,TVM Productions,Lenny Abrahamson,Hugh Laurie,Gretchen Mol,Ethan Suplee
Blue Jasmine,Perdido Productions,Woody Allen,Cate Blanchett,Alec Baldwin,Peter Sarsgaard
Sweet November,Warner Bros. Pictures,Pat O'Connor,Keanu Reeves,Charlize Theron,
Quitters,"Frederick & Ashbury, LLC.",Noah Pritzker,Kara Hayward,Mira Sorvino,Saffron Burrows
The Presidio,Paramount Pictures,Peter Hyams,Sean Connery,Mark Harmon,Meg Ryan
By Hook or By Crook,Steakhaus Productions,Harriet Dodge & Silas Howard,Silas Howard,,
Dim Sum: A Little Bit of Heart,CIM,Wayne Wang,Laureen Chew,Kim Chew,Victor Wong
Etruscan Smile,"Po Valley Productions, LLC",Oded Binnun/ Michel Brezis,Brian Cox,Roseanne Arquette,Thora Birch
Babies,Canal+,Thomas Balmes,Bayar,Hattie,
The Rock,Hollywood Pictures,Michael Bay,Sean Connery,Nicolas Cage,
Chance- Season 1 ep102,TVM Productions,Lenny Abrahamson,Hugh Laurie,Gretchen Mol,Ethan Suplee
The OA Part II,Lunar Mining LLC,Zal Batmanglij,Brit Marling,Emory Cohen,Patrick Gibson
Jack,American Zoetrope,Francis Ford Coppola,Robin Williams,Diane Lane,
Chance- Season 1 ep102,TVM Productions,Lenny Abrahamson,Hugh Laurie,Gretchen Mol,Ethan Suplee
Patch Adams,Bungalow 78 Productions,Tom Shadyac,Robin Williams,Philip Seymour Hoffman,
Bullitt,"Warner Brothers / Seven Arts
Seven Arts",Peter Yates,Steve McQueen,Jacqueline Bisset,Robert Vaughn
Bee Season,Bee Season Productions,Scott McGehee,Richard Gere,Juliette Binoche,
Steve Jobs,RDF Productions LLC,Danny Boyle,Michael Fassbender,Kate Winslet,Seth Rogen
Blue Jasmine,Perdido Productions,Woody Allen,Cate Blanchett,Alec Baldwin,Peter Sarsgaard
Raising Cain,Pacific Western,Brian DePalma,John Lithgow,,
"Smile Again, Jenny Lee",Carlo Caldana/Marguery Films,Carlo Caldana,Craig Tsuyumine,Puneet Prasad,Larry Kitagawa
Fearless,Spring Creek Productions,Peter Weir,Jeff Bridges,Isabella Rosellini,Rosie Perez
Bitter Melon,Bitter Melon Film LLC/Mammoth Pictures,H.P. Mendoza,Jon Norman Schneider,Patrick Epino,Brian Rivera
Sense8 - Season 2,"Unpronounceable Productions, LLC",Wachowski Siblings,Jamie Clayton,Daryl Hannah,Naveen Andrews
The Assassination of Richard Nixon,Anhelo Productions,Niels Mueller,Sean Penn,Naomi Watts,
Quicksilver,Columbia Pictures Corporation,Thomas Michael Donnelly,Kevin Bacon,Jami Gertz,Paul Rodriguez
The Dead Pool,Warner Bros. Pictures,Buddy Van Horn,Clint Eastwood,Liam Neeson,Patricia Clarkson
Terminator - Genisys,T5 Productions LLC,Alan Taylor,Arnold Schwarzenegger,Jason Clarke,
I Remember Mama,RKO Radio Pictures,George Stevens,Irene Dunne,Barbara Bel Geddes,Oskar Homolka
Birth of the Dragon,"BOTD U.S. Productions, Inc.",George Nolfi,Philip Ng,Billy Magnussen,Yu Xia
Sense8 - Season 2,"Unpronounceable Productions, LLC",Wachowski Siblings,Jamie Clayton,Daryl Hannah,Naveen Andrews
Chance- Season 1 ep107,TVM Productions,Alexandra Cunningham and Kem Nunn,Hugh Laurie,Gretchen Mol,Ethan Suplee
San Andreas,"Upside Down Productions, Inc.",Brad Peyton,Dwayne Johnson,,
40 Days and 40 Nights,Miramax Films,Michael Lehmann,Josh Hartnett,Shaynnyn Sossamon,
Godzilla,"Nautilus Productions, LLC",Gareth Edwards,Aaron Taylor-Johnson,Elizabeth Olsen,Bryan Cranston
Big Eyes,Blink & Wink Productions,Tim Burton,Amy Adams,Krysten Ritter,Christoph Waltz
When We Rise,Film 49 Productions,Gus Van Sant,Guy Pierce,Mary-Louise Parker,Michael Kenneth Williams
"Murder in the First, Season 1",Turner North Center Productions,Steven Bochcho,Taye Diggs,Kathleen Robertson,Ian Anthony Dale
A Night Full of Rain,Liberty Film,Lina Wertmuller,Candice Bergen,Giancarlo Gianni,
The Towering Inferno,Irwin Allen Productions,John Guillermin,Steve McQueen,Paul Newman,William Holden
Bullitt,"Warner Brothers / Seven Arts
Seven Arts",Peter Yates,Steve McQueen,Jacqueline Bisset,Robert Vaughn
Chance - Season 1 Pilot,TVM Productions,Lenny Abrahamson,Hugh Laurie,Gretchen Mol,Ethan Suplee
GirlBoss,"Hippolyta Productions, LLC","Jamie Babbit, Amanda Brotchie, Steven K. Tsuchida, Christian Ditter, John Riggi",Britt Robertson,Ellie Reed,Amanda Rea
Maxie,Elsboy Entertainment,Paul Aaron,Glenn Close,Mandy Patinkin,Ruth Gordon
40 Days and 40 Nights,Miramax Films,Michael Lehmann,Josh Hartnett,Shaynnyn Sossamon,
Looking,"Mission Street Productions, LLC",Andrew Haigh,Jonathan Groff,Frankie J. Alvarez,Murray Bartlett
Copycat,Regency Enterprises,Jon Amiel,Sigourney Weaver,Holly Hunter,
Junior,Northern Lights Entertainment,Ivan Reitman,Arnold Schwarzenegger,Danny DeVito,Emma Thompson
Terminator - Genisys,T5 Productions LLC,Alan Taylor,Arnold Schwarzenegger,Jason Clarke,
"Hello Frisco, Hello",Twentieth Century Fox Film Corporation,Bruce Humberstone,Alice Faye,John Payne,Jack Oakie
Chance- Season 1 ep102,TVM Productions,Lenny Abrahamson,Hugh Laurie,Gretchen Mol,Ethan Suplee
San Andreas,"Upside Down Productions, Inc.",Brad Peyton,Dwayne Johnson,,
Jade,Paramount Pictures,William Friedkin,David Caruso,Linda Fiorentino,Chazz Palminteri
Final Analysis,Warner Bros. Pictures,Phil Joanou,Richard Gere,Kim Basinger,
Terminator - Genisys,T5 Productions LLC,Alan Taylor,Arnold Schwarzenegger,Jason Clarke,
Golden Gate,American Playhouse Theatrical Films,John Madden,Matt Dillon,Joan Chen,
The Bachelor,George Street Pictures,Gary Sinyor,Chris O'Donnell,Renee Zellweger,
Chance- Season 1 ep109,TVM Productions,Sara Gran and Pete Begler,Hugh Laurie,Gretchen Mol,Ethan Suplee
A View to a Kill,Metro-Goldwyn Mayer,John Glen,Roger Moore,Christopher Walken,Tanya Roberts
When We Rise,Film 49 Productions,Gus Van Sant,Guy Pierce,Mary-Louise Parker,Michael Kenneth Williams
Godzilla,"Nautilus Productions, LLC",Gareth Edwards,Aaron Taylor-Johnson,Elizabeth Olsen,Bryan Cranston
Vertigo,Alfred J. Hitchcock Productions,Alfred Hitchcock,James Stewart,Kim Novak,Barbara Bel Geddes
Vertigo,Alfred J. Hitchcock Productions,Alfred Hitchcock,James Stewart,Kim Novak,Barbara Bel Geddes
Sweet November,Warner Bros. Pictures,Pat O'Connor,Keanu Reeves,Charlize Theron,
Fearless,Spring Creek Productions,Peter Weir,Jeff Bridges,Isabella Rosellini,Rosie Perez
Nine Months,1492 Pictures,Chris Columbus,Hugh Grant,Julianne Moore,Robin Williams
Invasion of the Body Snatchers,Solofilm,Philip Kaufman,Donald Sutherland,Jeff Goldblum,Brooke Adams
Ant-Man,"PYM Particles Productions, LLC",Peyton Reed,Michael Douglas,Paul Rudd,
Magnum Force,The Malpaso Company,Ted Post,Clint Eastwood,Hal Holbrook,Mitchell Ryan
"Murder in the First, Season 1",Turner North Center Productions,Steven Bochcho,Taye Diggs,Kathleen Robertson,Ian Anthony Dale
Crackers,Universal Pictures,Louis Malle,Donald Sutherland,Jack Warden,Sean Penn
Sneakers,Universal Pictures,Phil Alden Robinson,Sydney Poitier,Robert Redford,
Chance Season 2,TVM Productions Inc.,Rozann Dawson,Hugh Laurie,Greta Lee,Ethan Suplee
The Presidio,Paramount Pictures,Peter Hyams,Sean Connery,Mark Harmon,Meg Ryan
The Ten Commandments,Paramount Pictures,Cecil B. DeMille,Charlton Heston,Yul Brynner,Anne Baxter
Thief of Hearts,Paramount Pictures,Douglas Day Stewart,Steven Bauer,David Caruso,Barbara Williams
The Wedding Planner,Columbia Pictures,Adam Shankman,Jennifer Lopez,Matthew McConaughey,
Dr. Dolittle 2,Twentieth Century Fox Film Corp.,Steve Carr,Eddie Murphy,Kristen Wilson,
Looking Season 2 ep 210,"Mission Street Productions, LLC",Andrew Haigh,Jonathan Groff,Frankie Alvarez,Murray Bartlett
"Smile Again, Jenny Lee",Carlo Caldana/Marguery Films,Carlo Caldana,Craig Tsuyumine,Puneet Prasad,Larry Kitagawa
The Wedding Planner,Columbia Pictures,Adam Shankman,Jennifer Lopez,Matthew McConaughey,
High Anxiety,Twentieth Century Fox Film Corporation,Mel Brooks,Mel Brooks,Madeline Kahn,Cloris Leachman
Knife Fight,Divisadero Pictures & Knife Fight,Bill Guttentag,Rob Lowe,Julie Bowen,Jamie Chung
Sister Act,Touchstone Pictures,Emile Ardolino,Whoopi Goldberg,Maggie Smith,
Looking Season 2 ep 205,"Mission Street Productions, LLC",Andrew Haigh,Jonathan Groff,Frankie Alvarez,Murray Bartlett
Looking Season 2 ep 202,"Mission Street Productions, LLC",Andrew Haigh,Jonathan Groff,Frankie Alvarez,Murray Bartlett
Quitters,"Frederick & Ashbury, LLC.",Noah Pritzker,Kara Hayward,Mira Sorvino,Saffron Burrows
Jade,Paramount Pictures,William Friedkin,David Caruso,Linda Fiorentino,Chazz Palminteri
Cherish,3 Ring Circus Films,Finn Taylor,Brad Hunt,Robin Tunney,
Innerspace,Amblin Entertainment,Joe Dante,Dennis Quaid,Martin Short,Meg Ryan
Etruscan Smile,"Po Valley Productions, LLC",Oded Binnun/ Michel Brezis,Brian Cox,Roseanne Arquette,Thora Birch
Ant-Man and the Wasp,"PYM Particles Productions II, LLC",Peyton Reed,Paul Rudd,Evangeline Lilly,Michael Douglas
Just Like Heaven,DreamWorks SKG,Mark Waters,Reese Witherspoon,Mark Ruffalo,
Summertime,"Creative Monster Productions, Inc.",Gabriele Muccino,Jessica Rothe,Scott Bakula,Matilda Anna Ingrid Lutz
Sense8,"Unpronounceable Productions, LLC",The Wachowskis,Jamie Clayton,,
Venom,"L.O.Z. Productions, Inc.",Ruben Fleischer,Tom Hardy,Michelle Wiliams,Riz Ahmed
The Princess Diaries,Walt Disney Pictures,Garry Marshall,Julie Andrews,Anne Hathway,
The Wedding Planner,Columbia Pictures,Adam Shankman,Jennifer Lopez,Matthew McConaughey,
Americana,Sutro Films LLC,Zachary Shedd,Kelli Garner,Jack Davenport,Peter Coyote
Chance- Season 1 ep110,TVM Productions,Alexandra Cunningham and Kem Nunn,Hugh Laurie,Gretchen Mol,Ethan Suplee
Sense8,"Unpronounceable Productions, LLC",The Wachowskis,Jamie Clayton,,
The Laughing Policeman,Twentieth Century Fox Film Corporation,Stuart Rosenberg,Walter Matthau,Bruce Dern,Louis Gossett Jr.
High Crimes,Twentieth Century Fox Corporation,Carl Franklin,Ashley Judd,Morgan Freeman,
Dawn of the Planet of the Apes,"Fox Louisiana Productions, LLC",Matt Reeves,Gary Oldman,Keri Russell,Andy Serkis
Another 48 Hours,Eddie Murphy Productions,Walter Hill,Eddie Murphy,Nick Nolte,
George of the Jungle,Walt Disney Pictures,Sam Weisman,Brendan Fraser,Leslie Mann,
Looking Season 2 ep 208,"Mission Street Productions, LLC",Andrew Haigh,Jonathan Groff,Frankie Alvarez,Murray Bartlett
Etruscan Smile,"Po Valley Productions, LLC",Oded Binnun/ Michel Brezis,Brian Cox,Roseanne Arquette,Thora Birch
Jagged Edge,Columbia Pictures Corp.,Richard Marquand,Glenn Close,Jeff Bridges,Peter Coyote
Looking Season 2 ep 202,"Mission Street Productions, LLC",Andrew Haigh,Jonathan Groff,Frankie Alvarez,Murray Bartlett
Nine Months,1492 Pictures,Chris Columbus,Hugh Grant,Julianne Moore,Robin Williams
Flower Drum Song,Fields Productions,Henry Koster,Nancy Kwan,James Shigeta,Benson Fong
Pushing Dead,"Pushing Dead , LLC",Tom Brown,Danny Glover,James Roday,Robin Weigert
Alcatraz,Bonanza Productions Inc.,J.J. Abrams,Sarah Jones,Jorge Garcia,
The Towering Inferno,Irwin Allen Productions,John Guillermin,Steve McQueen,Paul Newman,William Holden
GirlBoss,"Hippolyta Productions, LLC","Jamie Babbit, Amanda Brotchie, Steven K. Tsuchida, Christian Ditter, John Riggi",Britt Robertson,Ellie Reed,Amanda Rea
The Lineup,Pajemer Productions,Don Siegel,Eli Wallach,Robert Keith,Richard Jaeckel
Junior,Northern Lights Entertainment,Ivan Reitman,Arnold Schwarzenegger,Danny DeVito,Emma Thompson
Getting Even with Dad,Metro-Goldwyn-Mayer (MGM),Howard Deutch,Macaulay Culkin,Ted Danson,
Etruscan Smile,"Po Valley Productions, LLC",Oded Binnun/ Michel Brezis,Brian Cox,Roseanne Arquette,Thora Birch
On the Beach,Stanley Kramer Productions,Stanley Kramer,Gregory Peck,Ava Gardner,Fred Astaire
Looking Season 2 ep 204,"Mission Street Productions, LLC",Andrew Haigh,Jonathan Groff,Frankie Alvarez,Murray Bartlett
Down Periscope,Twentieth Century Fox Film Corp.,David S. Ward,Kelsey Grammar,Lauren Holly,
Chance Season 2,TVM Productions Inc.,Rozann Dawson,Hugh Laurie,Greta Lee,Ethan Suplee
Time After Time,Orion Pictures Corp.,Nicholas Meyer,Malcolm McDowell,Mary Steenburgen,David Warner
The Internship,Twentieth Century Fox Film Corporation,Shawn Levy,Vince Vaughn,Owen Wilson,Rose Byrne
Chance- Season 1 ep102,TVM Productions,Lenny Abrahamson,Hugh Laurie,Gretchen Mol,Ethan Suplee
Looking,"Mission Street Productions, LLC",Andrew Haigh,Jonathan Groff,Frankie J. Alvarez,Murray Bartlett
Foul Play,Paramount Pictures,Colin Higgins,Goldie Hawn,Chevy Chase,Burgess Meredith
Sneakers,Universal Pictures,Phil Alden Robinson,Sydney Poitier,Robert Redford,
Looking Season 2 ep 203,"Mission Street Productions, LLC",Andrew Haigh,Jonathan Groff,Frankie Alvarez,Murray Bartlett
Chance- Season 1 ep106,TVM Productions,Sara Gran,Hugh Laurie,Gretchen Mol,Ethan Suplee
Dr. Dolittle 2,Twentieth Century Fox Film Corp.,Steve Carr,Eddie Murphy,Kristen Wilson,
Dawn of the Planet of the Apes,"Fox Louisiana Productions, LLC",Matt Reeves,Gary Oldman,Keri Russell,Andy Serkis
Star Trek VI: The Undiscovered Country,Paramount Pictures,Nicholas Meyer,William Shatner,Leonard Nimoy,George Takei
Pushing Dead,"Pushing Dead , LLC",Tom Brown,Danny Glover,James Roday,Robin Weigert
Milk,Focus Features,Gus Van Sant,Sean Penn,Emile Hirsch,
Bullitt,"Warner Brothers / Seven Arts
Seven Arts",Peter Yates,Steve McQueen,Jacqueline Bisset,Robert Vaughn
Casualties of War,Columbia Pictures Corporation,Brian DePalma,Michael J. Fox,Sean Penn,
Sister Act 2: Back in the Habit,Touchstone Pictures,Bill Duke,Whoopi Goldberg,Maggie Smith,
Hard to Hold,Universal Pictures,Larry Peerce,Rick Springfield,,
American Graffiti,Universal Pictures,George Lucas,Richard Dreyfuss,Ron Howard,Paul Le Mat
Sense8,"Unpronounceable Productions, LLC",The Wachowskis,Jamie Clayton,,
San Andreas,"Upside Down Productions, Inc.",Brad Peyton,Dwayne Johnson,,
Time After Time,Orion Pictures Corp.,Nicholas Meyer,Malcolm McDowell,Mary Steenburgen,David Warner
Milk,Focus Features,Gus Van Sant,Sean Penn,Emile Hirsch,
Looking,"Mission Street Productions, LLC",Andrew Haigh,Jonathan Groff,Frankie J. Alvarez,Murray Bartlett
"Murder in the First, Season 1",Turner North Center Productions,Steven Bochcho,Taye Diggs,Kathleen Robertson,Ian Anthony Dale
Mission (aka City of Bars),,Loren Marsh,Chris Coburn,,
Looking Season 2 ep 202,"Mission Street Productions, LLC",Andrew Haigh,Jonathan Groff,Frankie Alvarez,Murray Bartlett
Nine Months,1492 Pictures,Chris Columbus,Hugh Grant,Julianne Moore,Robin Williams
Doctor Dolittle,Twentieth Century Fox Film Cooperation,Betty Thomas,Eddie Murphy,Ossie Davis,
Broken-A Modern Love Story,RKW Films,Ryan K. Whiting,,,
So I Married an Axe Murderer,TriStar Pictures,Thomas Schlamme,Mike Myers,Nancy Travis,
Bicentennial Man,1492 Pictures,Chris Columbus,Robin Williams,,
San Andreas,"Upside Down Productions, Inc.",Brad Peyton,Dwayne Johnson,,
"Murder in the First, Season 1",Turner North Center Productions,Steven Bochcho,Taye Diggs,Kathleen Robertson,Ian Anthony Dale
Basic Instinct,Carolco Pictures,Paul Verhoeven,Michael Douglas,Sharon Stone,George Dzundza
Family Plot,Universal Pictures,Alfred Hitchcock,Karen Black,Bruce Dern,Barbara Harris
Foul Play,Paramount Pictures,Colin Higgins,Goldie Hawn,Chevy Chase,Burgess Meredith
"Murder in the First, Season 3",Turner North Center Productions,Steven Bochcho,Taye Diggs,Kathleen Robertson,Ian Anthony Dale
Parks and Recreation,"NBC Universal Media, LLC",Dean Holland,Amy Poehler,,
Ant-Man and the Wasp,"PYM Particles Productions II, LLC",Peyton Reed,Paul Rudd,Evangeline Lilly,Michael Douglas
Escape From Alcatraz,Paramount Pictures,Donald Siegel,Clint Eastwood,Patrick McGoohan,Robert Blossom
The Conversation,American Zoetrope,Francis Ford Coppola,Gene Hackman,John Cazale,Allen Garfield
Sense8 - Season 2,"Unpronounceable Productions, LLC",Wachowski Siblings,Jamie Clayton,Daryl Hannah,Naveen Andrews
Looking Season 2 ep 204,"Mission Street Productions, LLC",Andrew Haigh,Jonathan Groff,Frankie Alvarez,Murray Bartlett
Golden Gate,Metro-Goldwyn-Mayer (MGM),Howard Deutch,Matt Dillon,Joan Chen,
"Looking ""Special""","Mission Street Productions, LLC",Andrew Haigh,Jonathan Groff,Frankie Alvarez,Murray Bartlett
Silicon Valley Season 4,"Brown Hill Productions, LLC",Mike Judge,Thomas Middleditch,T.J. Miller,Josh Brener
Chance- Season 1 ep104,TVM Productions,Carl Franklin,Hugh Laurie,Gretchen Mol,Ethan Suplee
Milk,Focus Features,Gus Van Sant,Sean Penn,Emile Hirsch,
The Conversation,American Zoetrope,Francis Ford Coppola,Gene Hackman,John Cazale,Allen Garfield
Pleasure of His Company,Perlsea Company,George Seaton,Fred Astaire,Debbie Reynolds,Lilli Palmer
Sense8 - Season 2,"Unpronounceable Productions, LLC",Wachowski Siblings,Jamie Clayton,Daryl Hannah,Naveen Andrews
San Andreas,"Upside Down Productions, Inc.",Brad Peyton,Dwayne Johnson,,
Age of Adaline,Lionsgate / Sidney Kimmel Entertainment / Lakeshore Entertainment,Lee Toland Krieger,Blake Lively,Harrison Ford,Ellen Burstyn
Summertime,"Creative Monster Productions, Inc.",Gabriele Muccino,Jessica Rothe,Scott Bakula,Matilda Anna Ingrid Lutz
"Murder in the First, Season 2",Turner North Center Productions,Steven Bochcho,Taye Diggs,Kathleen Robertson,Ian Anthony Dale
"Play it Again, Sam",Paramount Pictures,Herbert Ross,Woody Allen,Diane Keaton,Tony Roberts
"Murder in the First, Season 1",Turner North Center Productions,Steven Bochcho,Taye Diggs,Kathleen Robertson,Ian Anthony Dale
Getting Even with Dad,Metro-Goldwyn-Mayer (MGM),Howard Dutch,Macaulay Culkin,Ted Danson,
When We Rise,Film 49 Productions,Gus Van Sant,Guy Pierce,Mary-Louise Parker,Michael Kenneth Williams
Nine Months,1492 Pictures,Chris Columbus,Hugh Grant,Julianne Moore,Robin Williams
Magnum Force,The Malpaso Company,Ted Post,Clint Eastwood,Hal Holbrook,Mitchell Ryan
Pleasure of His Company,Perlsea Company,George Seaton,Fred Astaire,Debbie Reynolds,Lilli Palmer
The Dead Pool,Warner Bros. Pictures,Buddy Van Horn,Clint Eastwood,Liam Neeson,Patricia Clarkson
"Play it Again, Sam",Paramount Pictures,Herbert Ross,Woody Allen,Diane Keaton,Tony Roberts
"Murder in the First, Season 1",Turner North Center Productions,Steven Bochcho,Taye Diggs,Kathleen Robertson,Ian Anthony Dale
Sense8,"Unpronounceable Productions, LLC",The Wachowskis,Jamie Clayton,,
"Smile Again, Jenny Lee",Carlo Caldana/Marguery Films,Carlo Caldana,Craig Tsuyumine,Puneet Prasad,Larry Kitagawa
Seven Girlfriends,White Dwarf Productions,Paul Lazarus,Laura Leighton,Tim Daly,
Pushing Dead,"Pushing Dead , LLC",Tom Brown,Danny Glover,James Roday,Robin Weigert
Romeo Must Die,Silver Pictures,Andrzej Bartkowiak,Jet Li,Aaliyah,
"Murder in the First, Season 1",Turner North Center Productions,Steven Bochcho,Taye Diggs,Kathleen Robertson,Ian Anthony Dale
Chance- Season 1 ep102,TVM Productions,Lenny Abrahamson,Hugh Laurie,Gretchen Mol,Ethan Suplee
San Andreas,"Upside Down Productions, Inc.",Brad Peyton,Dwayne Johnson,,
Pushing Dead,"Pushing Dead , LLC",Tom Brown,Danny Glover,James Roday,Robin Weigert
Looking Season 2 ep 204,"Mission Street Productions, LLC",Andrew Haigh,Jonathan Groff,Frankie Alvarez,Murray Bartlett
Junior,Northern Lights Entertainment,Ivan Reitman,Arnold Schwarzenegger,Danny DeVito,Emma Thompson
So I Married an Axe Murderer,TriStar Pictures,Thomas Schlamme,Mike Myers,Nancy Travis,
Chance- Season 1 ep103,TVM Productions,Michael Lehmann,Hugh Laurie,Gretchen Mol,Ethan Suplee
Terminator - Genisys,T5 Productions LLC,Alan Taylor,Arnold Schwarzenegger,Jason Clarke,
The Princess Diaries,Walt Disney Pictures,Garry Marshall,Julie Andrews,Anne Hathway,
Etruscan Smile,"Po Valley Productions, LLC",Oded Binnun/ Michel Brezis,Brian Cox,Roseanne Arquette,Thora Birch
GirlBoss,"Hippolyta Productions, LLC","Jamie Babbit, Amanda Brotchie, Steven K. Tsuchida, Christian Ditter, John Riggi",Britt Robertson,Ellie Reed,Amanda Rea
Chu Chu and the Philly Flash,Melvin Simon Productions,David Lowell Rich,Alan Arkin,Carol Burnett,
Godzilla,"Nautilus Productions, LLC",Gareth Edwards,Aaron Taylor-Johnson,Elizabeth Olsen,Bryan Cranston
I Remember Mama,RKO Radio Pictures,George Stevens,Irene Dunne,Barbara Bel Geddes,Oskar Homolka
Sense8 - Season 2,"Unpronounceable Productions, LLC",Wachowski Siblings,Jamie Clayton,Daryl Hannah,Naveen Andrews
The Towering Inferno,Irwin Allen Productions,John Guillermin,Steve McQueen,Paul Newman,William Holden
Pal Joey,Columbia Pictures Corporation,George Sidney,Rita Hayworth,Frank Sinatra,Kim Novak
Chance- Season 1 ep104,TVM Productions,Carl Franklin,Hugh Laurie,Gretchen Mol,Ethan Suplee
D.O.A,Cardinal Pictures,Rudolph Mate,Edmond O'Brien,Pamela Britton,Luther Adler
D.O.A,Cardinal Pictures,Rudolph Mate,Edmond O'Brien,Pamela Britton,Luther Adler
Freebie and the Bean,Warner Bros. Pictures,Richard Rush,Alan Arkin,James Caan,Loretta Swit
"Murder in the First, Season 2",Turner North Center Productions,Steven Bochcho,Taye Diggs,Kathleen Robertson,Ian Anthony Dale
Invasion of the Body Snatchers,Solofilm,Philip Kaufman,Donald Sutherland,Jeff Goldblum,Brooke Adams
I Remember Mama,RKO Radio Pictures,George Stevens,Irene Dunne,Barbara Bel Geddes,Oskar Homolka
The Conversation,American Zoetrope,Francis Ford Coppola,Gene Hackman,John Cazale,Allen Garfield
Looking,"Mission Street Productions, LLC",Andrew Haigh,Jonathan Groff,Frankie J. Alvarez,Murray Bartlett
Time After Time,Orion Pictures Corp.,Nicholas Meyer,Malcolm McDowell,Mary Steenburgen,David Warner
The OA Part II,Lunar Mining LLC,Zal Batmanglij,Brit Marling,Emory Cohen,Patrick Gibson
Looking,"Mission Street Productions, LLC",Andrew Haigh,Jonathan Groff,Frankie J. Alvarez,Murray Bartlett
Vertigo,Alfred J. Hitchcock Productions,Alfred Hitchcock,James Stewart,Kim Novak,Barbara Bel Geddes
Twisted,Paramount Pictures,Philip Kaufman,Ashley Judd,Samuel L. Jackson,
180,SPI Cinemas,Jayendra,Siddarth,Nithya Menon,Priya Anand
Looking Season 2 ep 205,"Mission Street Productions, LLC",Andrew Haigh,Jonathan Groff,Frankie Alvarez,Murray Bartlett
High Crimes,Twentieth Century Fox Film Corporation,Mel Brooks,Mel Brooks,Madeline Kahn,
When We Rise,Film 49 Productions,Gus Van Sant,Guy Pierce,Mary-Louise Parker,Michael Kenneth Williams
What's Up Doc?,Warner Bros. Pictures,Peter Bogdanovich,Barbra Streisand,Ryan O'Neal,
The Towering Inferno,Irwin Allen Productions,John Guillermin,Steve McQueen,Paul Newman,William Holden
Looking,"Mission Street Productions, LLC",Andrew Haigh,Jonathan Groff,Frankie J. Alvarez,Murray Bartlett
When a Man Loves a Woman,Touchstone Pictures,Luis Mandoki,Andy Garcia,Meg Ryan,
Etruscan Smile,"Po Valley Productions, LLC",Oded Binnun/ Michel Brezis,Brian Cox,Roseanne Arquette,Thora Birch
Harold and Maude,Mildred Lewis and Colin Higgins Productions,Hal Ashby,Ruth Gordon,Bud Cort,
San Andreas,"Upside Down Productions, Inc.",Brad Peyton,Dwayne Johnson,,
Dawn of the Planet of the Apes,"Fox Louisiana Productions, LLC",Matt Reeves,Gary Oldman,Keri Russell,Andy Serkis
The Enforcer,Warner Bros. Pictures,James Fargo,Clint Eastwood,Tyne Daly,Harry Guardino
The Princess Diaries,Walt Disney Pictures,Garry Marshall,Julie Andrews,Anne Hathway,
Sudden Impact,Warner Bros. Pictures,Clint Eastwood,Clint Eastwood,Sondra Locke,Pat Hingle
Red Widow,Beyond Pix,Alon Aranya,Radha Mitchell,Sterling Beaumon,Clifton Collins Jr.
Sudden Impact,Warner Bros. Pictures,Clint Eastwood,Clint Eastwood,Sondra Locke,Pat Hingle
Americana,Sutro Films LLC,Zachary Shedd,Kelli Garner,Jack Davenport,Peter Coyote
Experiment in Terror,Columbia Pictures Corporation,Blake Edwards,Glenn Ford,Lee Remick,Stefanie Powers
Time After Time,Orion Pictures Corp.,Nicholas Meyer,Malcolm McDowell,Mary Steenburgen,David Warner
Experiment in Terror,Columbia Pictures Corporation,Blake Edwards,Glenn Ford,Lee Remick,Stefanie Powers
Boys and Girls,Punch 21 Productions,Robert Iscove,"Freddie Prinze, Jr.",Alyson Hannigan,
Looking,"Mission Street Productions, LLC",Andrew Haigh,Jonathan Groff,Frankie J. Alvarez,Murray Bartlett
High Crimes,Twentieth Century Fox Film Corporation,Mel Brooks,Mel Brooks,Madeline Kahn,
Foul Play,Paramount Pictures,Colin Higgins,Goldie Hawn,Chevy Chase,Burgess Meredith
Big Eyes,Blink & Wink Productions,Tim Burton,Amy Adams,Krysten Ritter,Christoph Waltz
Boys and Girls,Punch 21 Productions,Robert Iscove,"Freddie Prinze, Jr.",Alyson Hannigan,
I Remember Mama,RKO Radio Pictures,George Stevens,Irene Dunne,Barbara Bel Geddes,Oskar Homolka
The Last Black Man in San Francisco,"LBMISF, LLC",Joe Talbot,Jimmie Fails,Jonathan Majors,Danny Glover
Red Widow,Beyond Pix,Alon Aranya,Radha Mitchell,Sterling Beaumon,Clifton Collins Jr.
"Budding Prospects, Pilot",Picrow Streaming Inc.,Terry Zwigoff,Adam Rose,Will Sasso,Joel David Moore
"Murder in the First, Season 3",Turner North Center Productions,Steven Bochcho,Taye Diggs,Kathleen Robertson,Ian Anthony Dale
Bitter Melon,Bitter Melon Film LLC/Mammoth Pictures,H.P. Mendoza,Jon Norman Schneider,Patrick Epino,Brian Rivera
GirlBoss,"Hippolyta Productions, LLC","Jamie Babbit, Amanda Brotchie, Steven K. Tsuchida, Christian Ditter, John Riggi",Britt Robertson,Ellie Reed,Amanda Rea
Foul Play,Paramount Pictures,Colin Higgins,Goldie Hawn,Chevy Chase,Burgess Meredith
Cardinal X,Fire Horse Film Productions LLC,Annie Wang,Annie Q,Francesca Eastwood,Pierson Fode
Tales of the City,Universal Television LLC,"Alan Poul, Silas Howard, Stacie Passon",Laura Linney,Ellen Page,Murray Bartlett
Looking,"Mission Street Productions, LLC",Andrew Haigh,Jonathan Groff,Frankie J. Alvarez,Murray Bartlett
Parks and Recreation,"NBC Universal Media, LLC",Dean Holland,Amy Poehler,,
Looking Season 2 ep 205,"Mission Street Productions, LLC",Andrew Haigh,Jonathan Groff,Frankie Alvarez,Murray Bartlett
Dirty Harry,The Malpaso Company,Don Siegel,Clint Eastwood,Harry Guardino,
Big Eyes,Blink & Wink Productions,Tim Burton,Amy Adams,Krysten Ritter,Christoph Waltz
Shoot the Moon,Metro-Goldwyn-Mayer (MGM),Alan Parker,Albert Finney, Diane Keaton,
Foul Play,Paramount Pictures,Colin Higgins,Goldie Hawn,Chevy Chase,Burgess Meredith
Vertigo,Alfred J. Hitchcock Productions,Alfred Hitchcock,James Stewart,Kim Novak,Barbara Bel Geddes
The Enforcer,Warner Bros. Pictures,James Fargo,Clint Eastwood,Tyne Daly,Harry Guardino
Terminator - Genisys,T5 Productions LLC,Alan Taylor,Arnold Schwarzenegger,Jason Clarke,
Bitter Melon,Bitter Melon Film LLC/Mammoth Pictures,H.P. Mendoza,Jon Norman Schneider,Patrick Epino,Brian Rivera
Time After Time,Orion Pictures Corp.,Nicholas Meyer,Malcolm McDowell,Mary Steenburgen,David Warner
Final Analysis,Warner Bros. Pictures,Phil Joanou,Richard Gere,Kim Basinger,
Memoirs of an Invisible Man,Warner Bros. Pictures,John Carpenter,Chevy Chase,Daryl Hannah,Sam Neill
Sudden Impact,Warner Bros. Pictures,Clint Eastwood,Clint Eastwood,Sondra Locke,Pat Hingle
Fearless,Spring Creek Productions,Peter Weir,Jeff Bridges,Isabella Rosellini,Rosie Perez
Chance- Season 1 ep108,TVM Productions,Peter Elkoff and Victoria Morrow,Hugh Laurie,Gretchen Mol,Ethan Suplee
Looking Season 2 ep 209,"Mission Street Productions, LLC",Andrew Haigh,Jonathan Groff,Frankie Alvarez,Murray Bartlett
The Dead Pool,Warner Bros. Pictures,Buddy Van Horn,Clint Eastwood,Liam Neeson,Patricia Clarkson
Love & Taxes,Bad Company Films,Jacob Kornbluth,Jacob Kornbluth,,
San Andreas,"Upside Down Productions, Inc.",Brad Peyton,Dwayne Johnson,,
A Taiwanese Tale of Two Cities,Envision Productions Inc.,Tien-Lun Yeh,Tammy Cheng,Peggy Tseng,Shen-Hao Wen
The Dead Pool,Warner Bros. Pictures,Buddy Van Horn,Clint Eastwood,Liam Neeson,Patricia Clarkson
Hulk,Universal Pictures,Ang Lee,Eric Bana,Jennifer Connelly,
The Princess Diaries,Walt Disney Pictures,Garry Marshall,Julie Andrews,Anne Hathway,
A Smile Like Yours ,Paramount Pictures,Keith Samples,Greg Kinnear,Lauren Holly,
Terminator - Genisys,T5 Productions LLC,Alan Taylor,Arnold Schwarzenegger,Jason Clarke,
Alcatraz,Bonanza Productions Inc.,J.J. Abrams,Sarah Jones,Jorge Garcia,
Milk,Focus Features,Gus Van Sant,Sean Penn,Emile Hirsch,
Chance- Season 1 ep104,TVM Productions,Carl Franklin,Hugh Laurie,Gretchen Mol,Ethan Suplee
Pushing Dead,"Pushing Dead , LLC",Tom Brown,Danny Glover,James Roday,Robin Weigert
Boys and Girls,Punch 21 Productions,Robert Iscove,"Freddie Prinze, Jr.",Alyson Hannigan,
Pushing Dead,"Pushing Dead , LLC",Tom Brown,Danny Glover,James Roday,Robin Weigert
The Other Sister,Mandeville Films,Garry Marshall,Juliette Lewis,Diane Keaton,
Time After Time,Orion Pictures Corp.,Nicholas Meyer,Malcolm McDowell,Mary Steenburgen,David Warner
Looking Season 2 ep 204,"Mission Street Productions, LLC",Andrew Haigh,Jonathan Groff,Frankie Alvarez,Murray Bartlett
Sense8,"Unpronounceable Productions, LLC",The Wachowskis,Jamie Clayton,,
Foul Play,Paramount Pictures,Colin Higgins,Goldie Hawn,Chevy Chase,Burgess Meredith
"Murder in the First, Season 3",Turner North Center Productions,Steven Bochcho,Taye Diggs,Kathleen Robertson,Ian Anthony Dale
"Smile Again, Jenny Lee",Carlo Caldana/Marguery Films,Carlo Caldana,Craig Tsuyumine,Puneet Prasad,Larry Kitagawa
Gentleman Jim,Warner Bros. Pictures,Raoul Walsh,Errol Flynn,Alexis Smith,Jack Carson
Sense8,"Unpronounceable Productions, LLC",The Wachowskis,Jamie Clayton,,
Birth of the Dragon,"BOTD U.S. Productions, Inc.",George Nolfi,Philip Ng,Billy Magnussen,Yu Xia
"Murder in the First, Season 1",Turner North Center Productions,Steven Bochcho,Taye Diggs,Kathleen Robertson,Ian Anthony Dale
"Play it Again, Sam",Paramount Pictures,Herbert Ross,Woody Allen,Diane Keaton,Tony Roberts
Greed,Metro-Goldwyn-Mayer (MGM),Eric von Stroheim ,Zasu Pitts,Gibson Gowland,Jean Hersholt
Looking Season 2 ep 204,"Mission Street Productions, LLC",Andrew Haigh,Jonathan Groff,Frankie Alvarez,Murray Bartlett
Stigmata,Metro-Goldwyn Mayer,Rupert Wainwright,Patricia Arquette,Gabriel Byrne,
Ant-Man,"PYM Particles Productions, LLC",Peyton Reed,Michael Douglas,Paul Rudd,
The Fog of War,Sony Pictures Classics,Errol Morris,Robert McNamara,,
180,SPI Cinemas,Jayendra,Siddarth,Nithya Menon,Priya Anand
The Conversation,American Zoetrope,Francis Ford Coppola,Gene Hackman,John Cazale,Allen Garfield
The OA Part II,Lunar Mining LLC,Zal Batmanglij,Brit Marling,Emory Cohen,Patrick Gibson
"Murder in the First, Season 2",Turner North Center Productions,Steven Bochcho,Taye Diggs,Kathleen Robertson,Ian Anthony Dale
Blue Jasmine,Perdido Productions,Woody Allen,Cate Blanchett,Alec Baldwin,Peter Sarsgaard
The Woman In Red,Orion Pictures Corp.,Gene Wilder,Gene Wilder,Charles Grodin,
The Other Sister,Mandeville Films,Garry Marshall,Juliette Lewis,Diane Keaton,
Nine Months,1492 Pictures,Chris Columbus,Hugh Grant,Julianne Moore,Robin Williams
Golden Gate,American Playhouse Theatrical Films,John Madden,Matt Dillon,Joan Chen,
Sense8 - Season 2,"Unpronounceable Productions, LLC",Wachowski Siblings,Jamie Clayton,Daryl Hannah,Naveen Andrews
Doctor Dolittle,Twentieth Century Fox Film Cooperation,Betty Thomas,Eddie Murphy,Ossie Davis,
Bullitt,"Warner Brothers / Seven Arts
Seven Arts",Peter Yates,Steve McQueen,Jacqueline Bisset,Robert Vaughn
"Murder in the First, Season 3",Turner North Center Productions,Steven Bochcho,Taye Diggs,Kathleen Robertson,Ian Anthony Dale
Looking Season 2 ep 203,"Mission Street Productions, LLC",Andrew Haigh,Jonathan Groff,Frankie Alvarez,Murray Bartlett
Chance- Season 1 ep103,TVM Productions,Michael Lehmann,Hugh Laurie,Gretchen Mol,Ethan Suplee
180,SPI Cinemas,Jayendra,Siddarth,Nithya Menon,Priya Anand
The Towering Inferno,Irwin Allen Productions,John Guillermin,Steve McQueen,Paul Newman,William Holden
Patty Hearst,Atlantic Entertainment Group,Paul Schrader,Natasha Richardson,William Forsythe,Ving Rhames
Swingin' Along,Twentieth Century Fox Film Corporation,Charles Barton,Tommy Noonan,Barbara Eden,Peter Marshall
When We Rise,Film 49 Productions,Gus Van Sant,Guy Pierce,Mary-Louise Parker,Michael Kenneth Williams
Doctor Dolittle,Twentieth Century Fox Film Cooperation,Betty Thomas,Eddie Murphy,Ossie Davis,
Terminator - Genisys,T5 Productions LLC,Alan Taylor,Arnold Schwarzenegger,Jason Clarke,
Copycat,Regency Enterprises,Jon Amiel,Sigourney Weaver,Holly Hunter,
Looking Season 2 ep 210,"Mission Street Productions, LLC",Andrew Haigh,Jonathan Groff,Frankie Alvarez,Murray Bartlett
Blue Jasmine,Perdido Productions,Woody Allen,Cate Blanchett,Alec Baldwin,Peter Sarsgaard
Basic Instinct,Carolco Pictures,Paul Verhoeven,Michael Douglas,Sharon Stone,George Dzundza
Patch Adams,Bungalow 78 Productions,Tom Shadyac,Robin Williams,Philip Seymour Hoffman,
Petulia,Warner Brothers / Seven Arts,Richard Lester,Julie Christie,George C. Scott,Richard Chamberlain
180,SPI Cinemas,Jayendra,Siddarth,Nithya Menon,Priya Anand
D.O.A,Cardinal Pictures,Rudolph Mate,Edmond O'Brien,Pamela Britton,Luther Adler
Bullitt,"Warner Brothers / Seven Arts
Seven Arts",Peter Yates,Steve McQueen,Jacqueline Bisset,Robert Vaughn
Fandom,The Digital Golem,Nicholas Tucker,Mark Hefti,Peter Quintana,
On the Road,SPAD Films,Walter Salles,Garrett Hedlund,Viggo Mortenson,
Need For Speed,"Need For Speed Productions, LLC",Scott Waugh,Aaron Paul,Dominic Cooper,Imogen Poots
Hulk,Universal Pictures,Ang Lee,Eric Bana,Jennifer Connelly,
Basic Instinct,Carolco Pictures,Paul Verhoeven,Michael Douglas,Sharon Stone,George Dzundza
Chance- Season 1 ep107,TVM Productions,Alexandra Cunningham and Kem Nunn,Hugh Laurie,Gretchen Mol,Ethan Suplee
Fearless,Spring Creek Productions,Peter Weir,Jeff Bridges,Isabella Rosellini,Rosie Perez
Sense8 - Season 2,"Unpronounceable Productions, LLC",Wachowski Siblings,Jamie Clayton,Daryl Hannah,Naveen Andrews
The Lady from Shanghai,Columbia Pictures Corp.,Orson Welles,Rita Hayworth,Orson Welles,Everett Sloane
Pleasure of His Company,Perlsea Company,George Seaton,Fred Astaire,Debbie Reynolds,Lilli Palmer
A Smile Like Yours,Paramount Pictures,Keith Samples,Greg Kinnear,Lauren Holly,
Sense8,"Unpronounceable Productions, LLC",The Wachowskis,Jamie Clayton,,
Petulia,Warner Brothers / Seven Arts,Richard Lester,Julie Christie,George C. Scott,Richard Chamberlain
The Woman In Red,Orion Pictures Corp.,Gene Wilder,Gene Wilder,Charles Grodin,
Chance Season 2,TVM Productions Inc.,Rozann Dawson,Hugh Laurie,Greta Lee,Ethan Suplee
It Came From Beneath the Sea,Clover Productions,Robert Gordon,Kenneth Tobey,Faith Domergue,Donald Curtis
Guess Who's Coming to Dinner,Columbia Pictures Corporation,Stanley Kramer,Spencer Tracy,Sidney Poitier,Katharine Hepburn
Blue Jasmine,Perdido Productions,Woody Allen,Cate Blanchett,Alec Baldwin,Peter Sarsgaard
So I Married an Axe Murderer,TriStar Pictures,Thomas Schlamme,Mike Myers,Nancy Travis,
Americana,Sutro Films LLC,Zachary Shedd,Kelli Garner,Jack Davenport,Peter Coyote
Quitters,"Frederick & Ashbury, LLC.",Noah Pritzker,Kara Hayward,Mira Sorvino,Saffron Burrows
The Dead Pool,Warner Bros. Pictures,Buddy Van Horn,Clint Eastwood,Liam Neeson,Patricia Clarkson
Metro,Touchstone Pictures,Thomas Carter,Eddie Murphy,,
Looking,"Mission Street Productions, LLC",Andrew Haigh,Jonathan Groff,Frankie J. Alvarez,Murray Bartlett
Junior,Northern Lights Entertainment,Ivan Reitman,Arnold Schwarzenegger,Danny DeVito,Emma Thompson
Etruscan Smile,"Po Valley Productions, LLC",Oded Binnun/ Michel Brezis,Brian Cox,Roseanne Arquette,Thora Birch
When a Man Loves a Woman,Touchstone Pictures,Luis Mandoki,Andy Garcia,Meg Ryan,
Dying Young,Twentieth Century Fox Corporation,Joel Schumacher,Julia Roberts,Campbell Scott,
"Murder in the First, Season 1",Turner North Center Productions,Steven Bochcho,Taye Diggs,Kathleen Robertson,Ian Anthony Dale
Sudden Impact,Warner Bros. Pictures,Clint Eastwood,Clint Eastwood,Sondra Locke,Pat Hingle
Bullitt,"Warner Brothers / Seven Arts
Seven Arts",Peter Yates,Steve McQueen,Jacqueline Bisset,Robert Vaughn
Nine Months,1492 Pictures,Chris Columbus,Hugh Grant,Julianne Moore,Robin Williams
GirlBoss,"Hippolyta Productions, LLC","Jamie Babbit, Amanda Brotchie, Steven K. Tsuchida, Christian Ditter, John Riggi",Britt Robertson,Ellie Reed,Amanda Rea
"Smile Again, Jenny Lee",Carlo Caldana/Marguery Films,Carlo Caldana,Craig Tsuyumine,Puneet Prasad,Larry Kitagawa
Foul Play,Paramount Pictures,Colin Higgins,Goldie Hawn,Chevy Chase,Burgess Meredith
The House on Telegraph Hill,Twentieth Century Fox Film Corp.,Robert Wise,Richard Basehart,Valentina Cortese,William Lundigan
"Smile Again, Jenny Lee",Carlo Caldana/Marguery Films,Carlo Caldana,Craig Tsuyumine,Puneet Prasad,Larry Kitagawa
Venom,"L.O.Z. Productions, Inc.",Ruben Fleischer,Tom Hardy,Michelle Wiliams,Riz Ahmed
The Diary of a Teenage Girl,"Diary the Movie, LLC",Marielle Heller,Alexander Skarsgard,Kristen Wiig,Christopher Meloni
Sense8,"Unpronounceable Productions, LLC",The Wachowskis,Jamie Clayton,,
The Dead Pool,Warner Bros. Pictures,Buddy Van Horn,Clint Eastwood,Liam Neeson,Patricia Clarkson
Chance - Season 1 Pilot,TVM Productions,Lenny Abrahamson,Hugh Laurie,Gretchen Mol,Ethan Suplee
Big Eyes,Blink & Wink Productions,Tim Burton,Amy Adams,Krysten Ritter,Christoph Waltz
Blue Jasmine,Perdido Productions,Woody Allen,Cate Blanchett,Alec Baldwin,Peter Sarsgaard
High Crimes,Twentieth Century Fox Film Corporation,Mel Brooks,Mel Brooks,Madeline Kahn,
Alcatraz,Bonanza Productions Inc.,J.J. Abrams,Sarah Jones,Jorge Garcia,
The Bachelor,George Street Pictures,Gary Sinyor,Chris O'Donnell,Renee Zellweger,
"Smile Again, Jenny Lee",Carlo Caldana/Marguery Films,Carlo Caldana,Craig Tsuyumine,Puneet Prasad,Larry Kitagawa
Blue Jasmine,Perdido Productions,Woody Allen,Cate Blanchett,Alec Baldwin,Peter Sarsgaard
Americana,Sutro Films LLC,Zachary Shedd,Kelli Garner,Jack Davenport,Peter Coyote
Woman on Top,Fox Searchlight Pictures,Fina Torres,Penelope Cruz,,
Time After Time,Orion Pictures Corp.,Nicholas Meyer,Malcolm McDowell,Mary Steenburgen,David Warner
Boys and Girls,Punch 21 Productions,Robert Iscove,"Freddie Prinze, Jr.",Alyson Hannigan,
Chance- Season 1 ep104,TVM Productions,Carl Franklin,Hugh Laurie,Gretchen Mol,Ethan Suplee
The Dead Pool,Warner Bros. Pictures,Buddy Van Horn,Clint Eastwood,Liam Neeson,Patricia Clarkson
Beautiful Boy,Big Indie Pictures,Felix van Groeningen,Steve Carell,Timothee Chalamet,Maura Tierney
Time After Time,Orion Pictures Corp.,Nicholas Meyer,Malcolm McDowell,Mary Steenburgen,David Warner
Ballers Season 3,"Chori Perros Productions, LLC",Julian Farino,Dwayne Johnson,John David Washington,Omar Benson Miller
"Murder in the First, Season 2",Turner North Center Productions,Steven Bochcho,Taye Diggs,Kathleen Robertson,Ian Anthony Dale
Milk,Focus Features,Gus Van Sant,Sean Penn,Emile Hirsch,
Silicon Valley Season 4,"Brown Hill Productions, LLC",Mike Judge,Thomas Middleditch,T.J. Miller,Josh Brener
Chance Season 2,TVM Productions Inc.,Rozann Dawson,Hugh Laurie,Greta Lee,Ethan Suplee
So I Married an Axe Murderer,TriStar Pictures,Thomas Schlamme,Mike Myers,Nancy Travis,
Chance - Season 1 Pilot,TVM Productions,Lenny Abrahamson,Hugh Laurie,Gretchen Mol,Ethan Suplee
San Andreas,"Upside Down Productions, Inc.",Brad Peyton,Dwayne Johnson,,
Chance- Season 1 ep102,TVM Productions,Lenny Abrahamson,Hugh Laurie,Gretchen Mol,Ethan Suplee
I Am Michael,Thatâs Hollywood,Justin Kelly,James Franco,Emma Roberts,Zachary Quinto
Big Eyes,Blink & Wink Productions,Tim Burton,Amy Adams,Krysten Ritter,Christoph Waltz
Chance Season 2,TVM Productions Inc.,Rozann Dawson,Hugh Laurie,Greta Lee,Ethan Suplee
"Budding Prospects, Pilot",Picrow Streaming Inc.,Terry Zwigoff,Adam Rose,Will Sasso,Joel David Moore
Sense8,"Unpronounceable Productions, LLC",The Wachowskis,Jamie Clayton,,
Herbie Rides Again,Walt Disney Productions,Robert Stevenson,Helen Hayes,Ken Berry,Stefanie Powers
Chance - Season 1 ep105,TVM Productions,Victoria Morrow,Hugh Laurie,Gretchen Mol,Ethan Suplee
Class Action,Interscope Communications,Michael Apted,Gene Hackman,Mary Elizabeth Mastrantonio,
"Looking ""Special""","Mission Street Productions, LLC",Andrew Haigh,Jonathan Groff,Frankie Alvarez,Murray Bartlett
"Murder in the First, Season 1",Turner North Center Productions,Steven Bochcho,Taye Diggs,Kathleen Robertson,Ian Anthony Dale
"Murder in the First, Season 2",Turner North Center Productions,Steven Bochcho,Taye Diggs,Kathleen Robertson,Ian Anthony Dale
Chance - Season 1 Pilot,TVM Productions,Lenny Abrahamson,Hugh Laurie,Gretchen Mol,Ethan Suplee
When a Man Loves a Woman,Touchstone Pictures,Luis Mandoki,Andy Garcia,Meg Ryan,
Star Trek IV: The Voyage Home,Paramount Pictures,Leonard Nimoy,William Shatner,Leonard Nimoy,George Takei
The Fan,Mandalay Entertainment,Tony Scott,Robert De Niro,Wesley Snipes,
Time After Time,Orion Pictures Corp.,Nicholas Meyer,Malcolm McDowell,Mary Steenburgen,David Warner
GirlBoss,"Hippolyta Productions, LLC","Jamie Babbit, Amanda Brotchie, Steven K. Tsuchida, Christian Ditter, John Riggi",Britt Robertson,Ellie Reed,Amanda Rea
Quitters,"Frederick & Ashbury, LLC.",Noah Pritzker,Kara Hayward,Mira Sorvino,Saffron Burrows
Looking Season 2 ep 204,"Mission Street Productions, LLC",Andrew Haigh,Jonathan Groff,Frankie Alvarez,Murray Bartlett
Time After Time,Orion Pictures Corp.,Nicholas Meyer,Malcolm McDowell,Mary Steenburgen,David Warner
"Murder in the First, Season 1",Turner North Center Productions,Steven Bochcho,Taye Diggs,Kathleen Robertson,Ian Anthony Dale
Steve Jobs,RDF Productions LLC,Danny Boyle,Michael Fassbender,Kate Winslet,Seth Rogen
George of the Jungle,Walt Disney Pictures,Sam Weisman,Brendan Fraser,Leslie Mann,
GirlBoss,"Hippolyta Productions, LLC","Jamie Babbit, Amanda Brotchie, Steven K. Tsuchida, Christian Ditter, John Riggi",Britt Robertson,Ellie Reed,Amanda Rea
Looking,"Mission Street Productions, LLC",Andrew Haigh,Jonathan Groff,Frankie J. Alvarez,Murray Bartlett
Star Trek IV: The Voyage Home,Paramount Pictures,Leonard Nimoy,William Shatner,Leonard Nimoy,George Takei
"Murder in the First, Season 1",Turner North Center Productions,Steven Bochcho,Taye Diggs,Kathleen Robertson,Ian Anthony Dale
The Presidio,Paramount Pictures,Peter Hyams,Sean Connery,Mark Harmon,Meg Ryan
Midnight Lace,Arwin Productions,David Miller,Doris Day,Rex Harrison,John Gavin
Time After Time,Orion Pictures Corp.,Nicholas Meyer,Malcolm McDowell,Mary Steenburgen,David Warner
The Graduate,Embassy Pictures Corporation,Mike Nichols,Anne Bancroft,Dustin Hoffman,Katharine Ross
Summertime,"Creative Monster Productions, Inc.",Gabriele Muccino,Jessica Rothe,Scott Bakula,Matilda Anna Ingrid Lutz
Etruscan Smile,"Po Valley Productions, LLC",Oded Binnun/ Michel Brezis,Brian Cox,Roseanne Arquette,Thora Birch
"Murder in the First, Season 1",Turner North Center Productions,Steven Bochcho,Taye Diggs,Kathleen Robertson,Ian Anthony Dale
Ant-Man,"PYM Particles Productions, LLC",Peyton Reed,Michael Douglas,Paul Rudd,
Ant-Man,"PYM Particles Productions, LLC",Peyton Reed,Michael Douglas,Paul Rudd,
"Smile Again, Jenny Lee",Carlo Caldana/Marguery Films,Carlo Caldana,Craig Tsuyumine,Puneet Prasad,Larry Kitagawa
Experiment in Terror,Columbia Pictures Corporation,Blake Edwards,Glenn Ford,Lee Remick,Stefanie Powers
Looking,"Mission Street Productions, LLC",Andrew Haigh,Jonathan Groff,Frankie J. Alvarez,Murray Bartlett
The Game,Polygram Filmed Entertainment,David Fincher,Michael Douglas,Sean Penn,Deborah Kara Unger
180,SPI Cinemas,Jayendra,Siddarth,Nithya Menon,Priya Anand
"Looking ""Special""","Mission Street Productions, LLC",Andrew Haigh,Jonathan Groff,Frankie Alvarez,Murray Bartlett
Godzilla,"Nautilus Productions, LLC",Gareth Edwards,Aaron Taylor-Johnson,Elizabeth Olsen,Bryan Cranston
"Budding Prospects, Pilot",Picrow Streaming Inc.,Terry Zwigoff,Adam Rose,Will Sasso,Joel David Moore
Chance Season 2,TVM Productions Inc.,Rozann Dawson,Hugh Laurie,Greta Lee,Ethan Suplee
Vegas in Space,Troma Entertainment,Phillip R. Ford,Doris Fish,Miss X,Ginger Quest
The Last Black Man in San Francisco,"LBMISF, LLC",Joe Talbot,Jimmie Fails,Jonathan Majors,Danny Glover
Jade,Paramount Pictures,William Friedkin,David Caruso,Linda Fiorentino,Chazz Palminteri
Looking Season 2 ep 205,"Mission Street Productions, LLC",Andrew Haigh,Jonathan Groff,Frankie Alvarez,Murray Bartlett
The Graduate,Embassy Pictures Corporation,Mike Nichols,Anne Bancroft,Dustin Hoffman,Katharine Ross
When a Man Loves a Woman,Touchstone Pictures,Luis Mandoki,Andy Garcia,Meg Ryan,
Chance - Season 1 Pilot,TVM Productions,Lenny Abrahamson,Hugh Laurie,Gretchen Mol,Ethan Suplee
Looking Season 2 ep 202,"Mission Street Productions, LLC",Andrew Haigh,Jonathan Groff,Frankie Alvarez,Murray Bartlett
Magnum Force,The Malpaso Company,Ted Post,Clint Eastwood,Hal Holbrook,Mitchell Ryan
The Graduate,Embassy Pictures Corporation,Mike Nichols,Anne Bancroft,Dustin Hoffman,Katharine Ross
The Game,Polygram Filmed Entertainment,David Fincher,Michael Douglas,Sean Penn,Deborah Kara Unger
Tweek City,Tweek City LLC,Eric G. Johnson,Giuseppe Andrews,,
Maxie,Elsboy Entertainment,Paul Aaron,Glenn Close,Mandy Patinkin,Ruth Gordon
GirlBoss,"Hippolyta Productions, LLC","Jamie Babbit, Amanda Brotchie, Steven K. Tsuchida, Christian Ditter, John Riggi",Britt Robertson,Ellie Reed,Amanda Rea
Magnum Force,The Malpaso Company,Ted Post,Clint Eastwood,Hal Holbrook,Mitchell Ryan
Chance- Season 1 ep106,TVM Productions,Sara Gran,Hugh Laurie,Gretchen Mol,Ethan Suplee
GirlBoss,"Hippolyta Productions, LLC","Jamie Babbit, Amanda Brotchie, Steven K. Tsuchida, Christian Ditter, John Riggi",Britt Robertson,Ellie Reed,Amanda Rea
The Conversation,American Zoetrope,Francis Ford Coppola,Gene Hackman,John Cazale,Allen Garfield
"Murder in the First, Season 2",Turner North Center Productions,Steven Bochcho,Taye Diggs,Kathleen Robertson,Ian Anthony Dale
Boys and Girls,Punch 21 Productions,Robert Iscove,"Freddie Prinze, Jr.",Alyson Hannigan,
Looking Season 2 ep 205,"Mission Street Productions, LLC",Andrew Haigh,Jonathan Groff,Frankie Alvarez,Murray Bartlett
Tales of the City,Universal Television LLC,"Alan Poul, Silas Howard, Stacie Passon",Laura Linney,Ellen Page,Murray Bartlett
Looking Season 2 ep 209,"Mission Street Productions, LLC",Andrew Haigh,Jonathan Groff,Frankie Alvarez,Murray Bartlett
When We Rise,Film 49 Productions,Gus Van Sant,Guy Pierce,Mary-Louise Parker,Michael Kenneth Williams
The Dead Pool,Warner Bros. Pictures,Buddy Van Horn,Clint Eastwood,Liam Neeson,Patricia Clarkson
Looking,"Mission Street Productions, LLC",Andrew Haigh,Jonathan Groff,Frankie J. Alvarez,Murray Bartlett
Pushing Dead,"Pushing Dead , LLC",Tom Brown,Danny Glover,James Roday,Robin Weigert
Summertime,"Creative Monster Productions, Inc.",Gabriele Muccino,Jessica Rothe,Scott Bakula,Matilda Anna Ingrid Lutz
Blue Jasmine,Perdido Productions,Woody Allen,Cate Blanchett,Alec Baldwin,Peter Sarsgaard
Looking Season 2 ep 207,"Mission Street Productions, LLC",Andrew Haigh,Jonathan Groff,Frankie Alvarez,Murray Bartlett
The Enforcer,Warner Bros. Pictures,James Fargo,Clint Eastwood,Tyne Daly,Harry Guardino
Terminator - Genisys,T5 Productions LLC,Alan Taylor,Arnold Schwarzenegger,Jason Clarke,
Invasion of the Body Snatchers,Solofilm,Philip Kaufman,Donald Sutherland,Jeff Goldblum,Brooke Adams
Terminator - Genisys,T5 Productions LLC,Alan Taylor,Arnold Schwarzenegger,Jason Clarke,
When a Man Loves a Woman,Touchstone Pictures,Luis Mandoki,Andy Garcia,Meg Ryan,
GirlBoss,"Hippolyta Productions, LLC","Jamie Babbit, Amanda Brotchie, Steven K. Tsuchida, Christian Ditter, John Riggi",Britt Robertson,Ellie Reed,Amanda Rea
D.O.A,Cardinal Pictures,Rudolph Mate,Edmond O'Brien,Pamela Britton,Luther Adler
Class Action,Interscope Communications,Michael Apted,Gene Hackman,Mary Elizabeth Mastrantonio,
"Budding Prospects, Pilot",Picrow Streaming Inc.,Terry Zwigoff,Adam Rose,Will Sasso,Joel David Moore
Basic Instinct,Carolco Pictures,Paul Verhoeven,Michael Douglas,Sharon Stone,George Dzundza
A View to a Kill,Metro-Goldwyn Mayer,John Glen,Roger Moore,Christopher Walken,Tanya Roberts
Golden Gate,American Playhouse Theatrical Films,John Madden,Matt Dillon,Joan Chen,
Beautiful Boy,Big Indie Pictures,Felix van Groeningen,Steve Carell,Timothee Chalamet,Maura Tierney
Beautiful Boy,Big Indie Pictures,Felix van Groeningen,Steve Carell,Timothee Chalamet,Maura Tierney
Looking Season 2 ep 206,"Mission Street Productions, LLC",Andrew Haigh,Jonathan Groff,Frankie Alvarez,Murray Bartlett
Looking Season 2 ep 204,"Mission Street Productions, LLC",Andrew Haigh,Jonathan Groff,Frankie Alvarez,Murray Bartlett
The Dead Pool,Warner Bros. Pictures,Buddy Van Horn,Clint Eastwood,Liam Neeson,Patricia Clarkson
Getting Even with Dad,Metro-Goldwyn-Mayer (MGM),Howard Dutch,Macaulay Culkin,Ted Danson,
By Hook or By Crook,Steakhaus Productions,Harriet Dodge & Silas Howard,Silas Howard,,
Julie and Jack,Moviehead Pictures,James Nguyen,Jenn Gotzon,Tippi Hedren,
Patch Adams,Bungalow 78 Productions,Tom Shadyac,Robin Williams,Philip Seymour Hoffman,
The Game,Polygram Filmed Entertainment,David Fincher,Michael Douglas,Sean Penn,Deborah Kara Unger
Birth of the Dragon,"BOTD U.S. Productions, Inc.",George Nolfi ,Philip Ng,Billy Magnussen,Yu Xia
The Presidio,Paramount Pictures,Peter Hyams,Sean Connery,Mark Harmon,Meg Ryan
The Game,Polygram Filmed Entertainment,David Fincher,Michael Douglas,Sean Penn,Deborah Kara Unger
Looking Season 2 ep 210,"Mission Street Productions, LLC",Andrew Haigh,Jonathan Groff,Frankie Alvarez,Murray Bartlett
"Murder in the First, Season 1",Turner North Center Productions,Steven Bochcho,Taye Diggs,Kathleen Robertson,Ian Anthony Dale
"Smile Again, Jenny Lee",Carlo Caldana/Marguery Films,Carlo Caldana,Craig Tsuyumine,Puneet Prasad,Larry Kitagawa
Dr. Dolittle 2,Twentieth Century Fox Film Corp.,Steve Carr,Eddie Murphy,Kristen Wilson,
The Dead Pool,Warner Bros. Pictures,Buddy Van Horn,Clint Eastwood,Liam Neeson,Patricia Clarkson
The Bachelor,George Street Pictures,Gary Sinyor,Chris O'Donnell,Renee Zellweger,
Terminator - Genisys,T5 Productions LLC,Alan Taylor,Arnold Schwarzenegger,Jason Clarke,
Looking,"Mission Street Productions, LLC",Andrew Haigh,Jonathan Groff,Frankie J. Alvarez,Murray Bartlett
Bitter Melon,Bitter Melon Film LLC/Mammoth Pictures,H.P. Mendoza,Jon Norman Schneider,Patrick Epino,Brian Rivera
The Conversation,American Zoetrope,Francis Ford Coppola,Gene Hackman,John Cazale,Allen Garfield
The OA Part II,Lunar Mining LLC,Zal Batmanglij,Brit Marling,Emory Cohen,Patrick Gibson
Invasion of the Body Snatchers,Solofilm,Philip Kaufman,Donald Sutherland,Jeff Goldblum,Brooke Adams
Dream with the Fishes,3 Ring Circus Films,Finn Taylor,David Arquette,Brad Hunt,
Blue Jasmine,Perdido Productions,Woody Allen,Cate Blanchett,Alec Baldwin,Peter Sarsgaard
Dirty Harry,The Malpaso Company,Don Siegel,Clint Eastwood,Harry Guardino,
"Smile Again, Jenny Lee",Carlo Caldana/Marguery Films,Carlo Caldana,Craig Tsuyumine,Puneet Prasad,Larry Kitagawa
Star Trek IV: The Voyage Home,Paramount Pictures,Leonard Nimoy,William Shatner,Leonard Nimoy,George Takei
San Andreas,"Upside Down Productions, Inc.",Brad Peyton,Dwayne Johnson,,
Looking Season 2 ep 210,"Mission Street Productions, LLC",Andrew Haigh,Jonathan Groff,Frankie Alvarez,Murray Bartlett
Dirty Harry,The Malpaso Company,Don Siegel,Clint Eastwood,Harry Guardino,
Common Threads: Stories From the Quilt,Home Box Office (HBO),Rob Epstein,Sara Lewinstein,David Mandell,
Etruscan Smile,"Po Valley Productions, LLC",Oded Binnun/ Michel Brezis,Brian Cox,Roseanne Arquette,Thora Birch
San Andreas,"Upside Down Productions, Inc.",Brad Peyton,Dwayne Johnson,,
High Crimes,Twentieth Century Fox Film Corporation,Mel Brooks,Mel Brooks,Madeline Kahn,
The Last Black Man in San Francisco,"LBMISF, LLC",Joe Talbot,Jimmie Fails,Jonathan Majors,Danny Glover
Chance - Season 1 Pilot,TVM Productions,Lenny Abrahamson,Hugh Laurie,Gretchen Mol,Ethan Suplee
Quitters,"Frederick & Ashbury, LLC.",Noah Pritzker,Kara Hayward,Mira Sorvino,Saffron Burrows
Chance Season 2,TVM Productions Inc.,Rozann Dawson,Hugh Laurie,Greta Lee,Ethan Suplee
San Andreas,"Upside Down Productions, Inc.",Brad Peyton,Dwayne Johnson,,
"Murder in the First, Season 2",Turner North Center Productions,Steven Bochcho,Taye Diggs,Kathleen Robertson,Ian Anthony Dale
The Bachelor,George Street Pictures,Gary Sinyor,Chris O'Donnell,Renee Zellweger,
"Looking ""Special""","Mission Street Productions, LLC",Andrew Haigh,Jonathan Groff,Frankie Alvarez,Murray Bartlett
"Looking ""Special""","Mission Street Productions, LLC",Andrew Haigh,Jonathan Groff,Frankie Alvarez,Murray Bartlett
Star Trek IV: The Voyage Home,Paramount Pictures,Leonard Nimoy,William Shatner,Leonard Nimoy,George Takei
Twisted,Paramount Pictures,Philip Kaufman,Ashley Judd,Samuel L. Jackson,
Foul Play,Paramount Pictures,Colin Higgins,Goldie Hawn,Chevy Chase,Burgess Meredith
Take the Money and Run,American Broadcasting Company (ABC),Woody Allen,Woody Allen,Janet Margolin,
The Diary of a Teenage Girl,"Diary the Movie, LLC",Marielle Heller,Alexander Skarsgard,Kristen Wiig,Christopher Meloni
Etruscan Smile,"Po Valley Productions, LLC",Oded Binnun/ Michel Brezis,Brian Cox,Roseanne Arquette,Thora Birch
Star Trek IV: The Voyage Home,Paramount Pictures,Leonard Nimoy,William Shatner,Leonard Nimoy,George Takei
Chance- Season 1 ep103,TVM Productions,Michael Lehmann,Hugh Laurie,Gretchen Mol,Ethan Suplee
The Candidate,Redford-Ritchie Productions,Michael Ritchie,Robert Redford,Peter Boyle,
"Smile Again, Jenny Lee",Carlo Caldana/Marguery Films,Carlo Caldana,Craig Tsuyumine,Puneet Prasad,Larry Kitagawa
Americana,Sutro Films LLC,Zachary Shedd,Kelli Garner,Jack Davenport,Peter Coyote
Vertigo,Alfred J. Hitchcock Productions,Alfred Hitchcock,James Stewart,Kim Novak,Barbara Bel Geddes
Blue Jasmine,Perdido Productions,Woody Allen,Cate Blanchett,Alec Baldwin,Peter Sarsgaard
Twisted,Paramount Pictures,Philip Kaufman,Ashley Judd,Samuel L. Jackson,
Chance Season 2,TVM Productions Inc.,Rozann Dawson,Hugh Laurie,Greta Lee,Ethan Suplee
"Budding Prospects, Pilot",Picrow Streaming Inc.,Terry Zwigoff,Adam Rose,Will Sasso,Joel David Moore
Looking Season 2 ep 206,"Mission Street Productions, LLC",Andrew Haigh,Jonathan Groff,Frankie Alvarez,Murray Bartlett
A View to a Kill,Metro-Goldwyn Mayer,John Glen,Roger Moore,Christopher Walken,Tanya Roberts
Flubber,Walt Disney Pictures,Les Mayfield,Robin Williams,Marcia Gay Harden,
Tales of the City,Universal Television LLC,"Alan Poul, Silas Howard, Stacie Passon",Laura Linney,Ellen Page,Murray Bartlett
Beautiful Boy,Big Indie Pictures,Felix van Groeningen,Steve Carell,Timothee Chalamet,Maura Tierney
Time After Time,Orion Pictures Corp.,Nicholas Meyer,Malcolm McDowell,Mary Steenburgen,David Warner
Vertigo,Alfred J. Hitchcock Productions,Alfred Hitchcock,James Stewart,Kim Novak,Barbara Bel Geddes
Foul Play,Paramount Pictures,Colin Higgins,Goldie Hawn,Chevy Chase,Burgess Meredith
Fearless,Spring Creek Productions,Peter Weir,Jeff Bridges,Isabella Rosellini,Rosie Perez
Bullitt,"Warner Brothers / Seven Arts
Seven Arts",Peter Yates,Steve McQueen,Jacqueline Bisset,Robert Vaughn
Etruscan Smile,"Po Valley Productions, LLC",Oded Binnun/ Michel Brezis,Brian Cox,Roseanne Arquette,Thora Birch
Star Trek IV: The Voyage Home,Paramount Pictures,Leonard Nimoy,William Shatner,Leonard Nimoy,George Takei
High Crimes,Twentieth Century Fox Film Corporation,Mel Brooks,Mel Brooks,Madeline Kahn,
Tales of the City,Universal Television LLC,"Alan Poul, Silas Howard, Stacie Passon",Laura Linney,Ellen Page,Murray Bartlett
Point Blank,Metro-Goldwyn Mayer,John Boorman,Lee Marvin,Angie Dickinson,Keenan Wynn
Dim Sum: A Little Bit of Heart,CIM,Wayne Wang,Laureen Chew,Kim Chew,Victor Wong
Sudden Impact,Warner Bros. Pictures,Clint Eastwood,Clint Eastwood,Sondra Locke,Pat Hingle
Sense8 - Season 2,"Unpronounceable Productions, LLC",Wachowski Siblings,Jamie Clayton,Daryl Hannah,Naveen Andrews
San Andreas,"Upside Down Productions, Inc.",Brad Peyton,Dwayne Johnson,,
Steve Jobs,RDF Productions LLC,Danny Boyle,Michael Fassbender,Kate Winslet,Seth Rogen
Mrs. Doubtfire,Twentieth Century Fox Film Corporation,Chris Columbus,Robin Williams,Sally Field,Pierce Brosnan
Twisted,Paramount Pictures,Philip Kaufman,Ashley Judd,Samuel L. Jackson,
Godzilla,"Nautilus Productions, LLC",Gareth Edwards,Aaron Taylor-Johnson,Elizabeth Olsen,Bryan Cranston
It Came From Beneath the Sea,Clover Productions,Robert Gordon,Kenneth Tobey,Faith Domergue,Donald Curtis
"Murder in the First, Season 2",Turner North Center Productions,Steven Bochcho,Taye Diggs,Kathleen Robertson,Ian Anthony Dale
Ballers Season 3,"Chori Perros Productions, LLC",Julian Farino,Dwayne Johnson,John David Washington,Omar Benson Miller
Basic Instinct,Carolco Pictures,Paul Verhoeven,Michael Douglas,Sharon Stone,George Dzundza
Chance Season 2,TVM Productions Inc.,Rozann Dawson,Hugh Laurie,Greta Lee,Ethan Suplee
Big Eyes,Blink & Wink Productions,Tim Burton,Amy Adams,Krysten Ritter,Christoph Waltz
Sweet November,Warner Bros. Pictures,Pat O'Connor,Keanu Reeves,Charlize Theron,
Americana,Sutro Films LLC,Zachary Shedd,Kelli Garner,Jack Davenport,Peter Coyote
Chan is Missing,New Yorker Films,Wayne Wang,Wood Moy,Marc Hayashi,Lauren Chew
The Diary of a Teenage Girl,"Diary the Movie, LLC",Marielle Heller,Alexander Skarsgard,Kristen Wiig,Christopher Meloni
Family Plot,Universal Pictures,Alfred Hitchcock,Karen Black,Bruce Dern,Barbara Harris
"Murder in the First, Season 2",Turner North Center Productions,Steven Bochcho,Taye Diggs,Kathleen Robertson,Ian Anthony Dale
Big Eyes,Blink & Wink Productions,Tim Burton,Amy Adams,Krysten Ritter,Christoph Waltz
High Crimes,Twentieth Century Fox Film Corporation,Mel Brooks,Mel Brooks,Madeline Kahn,
Pushing Dead,"Pushing Dead , LLC",Tom Brown,Danny Glover,James Roday,Robin Weigert
Dawn of the Planet of the Apes,"Fox Louisiana Productions, LLC",Matt Reeves,Gary Oldman,Keri Russell,Andy Serkis
Doctor Dolittle,Twentieth Century Fox Film Cooperation,Betty Thomas,Eddie Murphy,Ossie Davis,
They Call Me MISTER Tibbs,Mirisch Corporation,Gordon Douglas,Sidney Poitier,Martin Landau,Barbara McNair
Hereafter,GT Films,Clint Eastwood,Matt Damon,Cecile De France,
"Murder in the First, Season 1",Turner North Center Productions,Steven Bochcho,Taye Diggs,Kathleen Robertson,Ian Anthony Dale
Terminator - Genisys,T5 Productions LLC,Alan Taylor,Arnold Schwarzenegger,Jason Clarke,
The House on Telegraph Hill,Twentieth Century Fox Film Corp.,Robert Wise,Richard Basehart,Valentina Cortese,William Lundigan
Boys and Girls,Punch 21 Productions,Robert Iscove,"Freddie Prinze, Jr.",Alyson Hannigan,
A Taiwanese Tale of Two Cities,Envision Productions Inc.,Tien-Lun Yeh,Tammy Cheng,Peggy Tseng,Shen-Hao Wen
Hulk,Universal Pictures,Ang Lee,Eric Bana,Jennifer Connelly,
Looking Season 2 ep 210,"Mission Street Productions, LLC",Andrew Haigh,Jonathan Groff,Frankie Alvarez,Murray Bartlett
Knife Fight,Divisadero Pictures & Knife Fight,Bill Guttentag,Rob Lowe,Julie Bowen,Jamie Chung
The Assassination of Richard Nixon,Anhelo Productions,Niels Mueller,Sean Penn,Naomi Watts,
George of the Jungle,Walt Disney Pictures,Sam Weisman,Brendan Fraser,Leslie Mann,
San Andreas,"Upside Down Productions, Inc.",Brad Peyton,Dwayne Johnson,,
"Budding Prospects, Pilot",Picrow Streaming Inc.,Terry Zwigoff,Adam Rose,Will Sasso,Joel David Moore
Dim Sum: A Little Bit of Heart,CIM,Wayne Wang,Laureen Chew,Kim Chew,Victor Wong
Ant-Man and the Wasp,"PYM Particles Productions II, LLC",Peyton Reed,Paul Rudd,Evangeline Lilly,Michael Douglas
Time After Time,Orion Pictures Corp.,Nicholas Meyer,Malcolm McDowell,Mary Steenburgen,David Warner
Bullitt,"Warner Brothers / Seven Arts
Seven Arts",Peter Yates,Steve McQueen,Jacqueline Bisset,Robert Vaughn
"Murder in the First, Season 3",Turner North Center Productions,Steven Bochcho,Taye Diggs,Kathleen Robertson,Ian Anthony Dale
The Diary of a Teenage Girl,"Diary the Movie, LLC",Marielle Heller,Alexander Skarsgard,Kristen Wiig,Christopher Meloni
A View to a Kill,Metro-Goldwyn Mayer,John Glen,Roger Moore,Christopher Walken,Tanya Roberts
Looking Season 2 ep 203,"Mission Street Productions, LLC",Andrew Haigh,Jonathan Groff,Frankie Alvarez,Murray Bartlett
Woman on the Run,Fidelity Pictures Corporation,Norman Foster,Ann Sheridan,Dennis O'Keefe,Robert Keith
Looking,"Mission Street Productions, LLC",Andrew Haigh,Jonathan Groff,Frankie J. Alvarez,Murray Bartlett
Dark Passage,Warner Bros. Pictures,Delmer Daves,Humphrey Bogart,Lauren Bacal,Bruce Bennett
Dirty Harry,The Malpaso Company,Don Siegel,Clint Eastwood,Harry Guardino,
Dark Passage,Warner Bros. Pictures,Delmer Daves,Humphrey Bogart,Lauren Bacal,Bruce Bennett
GirlBoss,"Hippolyta Productions, LLC","Jamie Babbit, Amanda Brotchie, Steven K. Tsuchida, Christian Ditter, John Riggi",Britt Robertson,Ellie Reed,Amanda Rea
Getting Even with Dad,Metro-Goldwyn-Mayer (MGM),Howard Deutch,Macaulay Culkin,Ted Danson,
The Bachelor,George Street Pictures,Gary Sinyor,Chris O'Donnell,Renee Zellweger,
Chance- Season 1 ep104,TVM Productions,Carl Franklin,Hugh Laurie,Gretchen Mol,Ethan Suplee
Chance- Season 1 ep108,TVM Productions,Peter Elkoff and Victoria Morrow,Hugh Laurie,Gretchen Mol,Ethan Suplee
Dirty Harry,The Malpaso Company,Don Siegel,Clint Eastwood,Harry Guardino,
Chance Season 2,TVM Productions Inc.,Rozann Dawson,Hugh Laurie,Greta Lee,Ethan Suplee
Looking Season 2 ep 209,"Mission Street Productions, LLC",Andrew Haigh,Jonathan Groff,Frankie Alvarez,Murray Bartlett
Sudden Fear,Joseph Kaufmann Pictures,David Miller,Joan Crawford,Jack Palance,Gloria Grahame
Pushing Dead,"Pushing Dead , LLC",Tom Brown,Danny Glover,James Roday,Robin Weigert
D.O.A,Cardinal Pictures,Rudolph Mate,Edmond O'Brien,Pamela Britton,Luther Adler
Tales of the City,Universal Television LLC,"Alan Poul, Silas Howard, Stacie Passon",Laura Linney,Ellen Page,Murray Bartlett
Godzilla,"Nautilus Productions, LLC",Gareth Edwards,Aaron Taylor-Johnson,Elizabeth Olsen,Bryan Cranston
They Call Me MISTER Tibbs,Mirisch Corporation,Gordon Douglas,Sidney Poitier,Martin Landau,Barbara McNair
50 First Dates,Columbia Pictures Corporation,Peter Segal,Adam Sandler,Drew Barrymore,
48 Hours,Paramount Pictures,Walter Hill,Nick Nolte,Eddie Murphy,Annette O'Toole
Steve Jobs,RDF Productions LLC,Danny Boyle,Michael Fassbender,Kate Winslet,Seth Rogen
Bullitt,"Warner Brothers / Seven Arts
Seven Arts",Peter Yates,Steve McQueen,Jacqueline Bisset,Robert Vaughn
Beaches,Silver Screen Partners IV,Garry Marshall,Bette Midler,Barbara Hershey,John Heard
Always Be My Maybe,"Isla Productions, LLC",Nahnatchka Khan,Ali Wong,Randall Park,Keanu Reeves
The Caine Mutiny,Stanley Kramer Productions,Edward Dmytryk,Humphrey Bogart,Fred MacMurray,Jose Ferrer
Always Be My Maybe,"Isla Productions, LLC",Nahnatchka Khan,Ali Wong,Randall Park,Keanu Reeves
Forrest Gump,Paramount Pictures,Robert Zemeckis,Tom Hanks,Robin Wright,
Sense8,"Unpronounceable Productions, LLC",The Wachowskis,Jamie Clayton,,
"Murder in the First, Season 3",Turner North Center Productions,Steven Bochcho,Taye Diggs,Kathleen Robertson,Ian Anthony Dale
Chance- Season 1 ep110,TVM Productions,Alexandra Cunningham and Kem Nunn,Hugh Laurie,Gretchen Mol,Ethan Suplee
40 Days and 40 Nights,Miramax Films,Michael Lehmann,Josh Hartnett,Shaynnyn Sossamon,
Americana,Sutro Films LLC,Zachary Shedd,Kelli Garner,Jack Davenport,Peter Coyote
Jade,Paramount Pictures,William Friedkin,David Caruso,Linda Fiorentino,Chazz Palminteri
Pushing Dead,"Pushing Dead , LLC",Tom Brown,Danny Glover,James Roday,Robin Weigert
Americana,Sutro Films LLC,Zachary Shedd,Kelli Garner,Jack Davenport,Peter Coyote
Star Trek IV: The Voyage Home,Paramount Pictures,Leonard Nimoy,William Shatner,Leonard Nimoy,George Takei
Chance- Season 1 ep110,TVM Productions,Alexandra Cunningham and Kem Nunn,Hugh Laurie,Gretchen Mol,Ethan Suplee
The Diary of a Teenage Girl,"Diary the Movie, LLC",Marielle Heller,Alexander Skarsgard,Kristen Wiig,Christopher Meloni
Foul Play,Paramount Pictures,Colin Higgins,Goldie Hawn,Chevy Chase,Burgess Meredith
Sense8 - Season 2,"Unpronounceable Productions, LLC",Wachowski Siblings,Jamie Clayton,Daryl Hannah,Naveen Andrews
Twisted,Paramount Pictures,Philip Kaufman,Ashley Judd,Samuel L. Jackson,
Beautiful Boy,Big Indie Pictures,Felix van Groeningen,Steve Carell,Timothee Chalamet,Maura Tierney
Blue Jasmine,Perdido Productions,Woody Allen,Cate Blanchett,Alec Baldwin,Peter Sarsgaard
"Murder in the First, Season 1",Turner North Center Productions,Steven Bochcho,Taye Diggs,Kathleen Robertson,Ian Anthony Dale
Need For Speed,"Need For Speed Productions, LLC",Scott Waugh,Aaron Paul,Dominic Cooper,Imogen Poots
Vegas in Space,Troma Entertainment,Phillip R. Ford,Doris Fish,Miss X,Ginger Quest
Summertime,"Creative Monster Productions, Inc.",Gabriele Muccino,Jessica Rothe,Scott Bakula,Matilda Anna Ingrid Lutz
The Graduate,Embassy Pictures Corporation,Mike Nichols,Anne Bancroft,Dustin Hoffman,Katharine Ross
Silicon Valley Season 4,"Brown Hill Productions, LLC",Mike Judge,Thomas Middleditch,T.J. Miller,Josh Brener
Terminator - Genisys,T5 Productions LLC,Alan Taylor,Arnold Schwarzenegger,Jason Clarke,
Chance - Season 1 Pilot,TVM Productions,Lenny Abrahamson,Hugh Laurie,Gretchen Mol,Ethan Suplee
Chance Season 2,TVM Productions Inc.,Rozann Dawson,Hugh Laurie,Greta Lee,Ethan Suplee
Cardinal X,Fire Horse Film Productions LLC,Annie Wang,Annie Q,Francesca Eastwood,Pierson Fode
Godzilla,"Nautilus Productions, LLC",Gareth Edwards,Aaron Taylor-Johnson,Elizabeth Olsen,Bryan Cranston
Looking,"Mission Street Productions, LLC",Andrew Haigh,Jonathan Groff,Frankie J. Alvarez,Murray Bartlett
Foul Play,Paramount Pictures,Colin Higgins,Goldie Hawn,Chevy Chase,Burgess Meredith
"Murder in the First, Season 2",Turner North Center Productions,Steven Bochcho,Taye Diggs,Kathleen Robertson,Ian Anthony Dale
The Last Black Man in San Francisco,"LBMISF, LLC",Joe Talbot,Jimmie Fails,Jonathan Majors,Danny Glover
Dr. Dolittle 2,Twentieth Century Fox Film Corp.,Steve Carr,Eddie Murphy,Kristen Wilson,
Chance- Season 1 ep107,TVM Productions,Alexandra Cunningham and Kem Nunn,Hugh Laurie,Gretchen Mol,Ethan Suplee
Looking Season 2 ep 210,"Mission Street Productions, LLC",Andrew Haigh,Jonathan Groff,Frankie Alvarez,Murray Bartlett
Sense8 - Season 2,"Unpronounceable Productions, LLC",Wachowski Siblings,Jamie Clayton,Daryl Hannah,Naveen Andrews
What's Up Doc?,Warner Bros. Pictures,Peter Bogdanovich,Barbra Streisand,Ryan O'Neal,
Babies,Canal+,Thomas Balmes,Bayar,Hattie,
Patty Hearst,Atlantic Entertainment Group,Paul Schrader,Natasha Richardson,William Forsythe,Ving Rhames
Junior,Northern Lights Entertainment,Ivan Reitman,Arnold Schwarzenegger,Danny DeVito,Emma Thompson
Edtv,Imagine Entertainment,Ron Howard,Matthew McConaughey,Jenna Elfman,
Big Eyes,Blink & Wink Productions,Tim Burton,Amy Adams,Krysten Ritter,Christoph Waltz
Fearless,Spring Creek Productions,Peter Weir,Jeff Bridges,Isabella Rosellini,Rosie Perez
Greed,Metro-Goldwyn-Mayer (MGM),Eric von Stroheim,Zasu Pitts,Gibson Gowland,Jean Hersholt
Chance Season 2,TVM Productions Inc.,Rozann Dawson,Hugh Laurie,Greta Lee,Ethan Suplee
The Princess Diaries,Walt Disney Pictures,Garry Marshall,Julie Andrews,Anne Hathway,
Red Widow,Beyond Pix,Alon Aranya,Radha Mitchell,Sterling Beaumon,Clifton Collins Jr.
George of the Jungle,Walt Disney Pictures,Sam Weisman,Brendan Fraser,Leslie Mann,
On the Road,SPAD Films,Walter Salles,Garrett Hedlund,Viggo Mortenson,
Susan Slade,Warner Bros. Pictures,Delmer Daves,Troy Donahue,Connie Stevens,Dorothy McGuire
Looking,"Mission Street Productions, LLC",Andrew Haigh,Jonathan Groff,Frankie J. Alvarez,Murray Bartlett
"Smile Again, Jenny Lee",Carlo Caldana/Marguery Films,Carlo Caldana,Craig Tsuyumine,Puneet Prasad,Larry Kitagawa
Looking Season 2 ep 210,"Mission Street Productions, LLC",Andrew Haigh,Jonathan Groff,Frankie Alvarez,Murray Bartlett
Hulk,Universal Pictures,Ang Lee,Eric Bana,Jennifer Connelly,
Fandom,The Digital Golem,Nicholas Tucker,Mark Hefti,Peter Quintana,
Star Trek IV: The Voyage Home,Paramount Pictures,Leonard Nimoy,William Shatner,Leonard Nimoy,George Takei
Invasion of the Body Snatchers,Solofilm,Philip Kaufman,Donald Sutherland,Jeff Goldblum,Brooke Adams
GirlBoss,"Hippolyta Productions, LLC","Jamie Babbit, Amanda Brotchie, Steven K. Tsuchida, Christian Ditter, John Riggi",Britt Robertson,Ellie Reed,Amanda Rea
A Jitney Elopement,The Essanay Film Manufacturing Company,Charles Chaplin,Charles Chaplin,Edna Purviance,
Looking Season 2 ep 203,"Mission Street Productions, LLC",Andrew Haigh,Jonathan Groff,Frankie Alvarez,Murray Bartlett
Nina Takes a Lover,Alan Jacobs Productions,Alan Jacobs,Laura San Giacomo,Paul Rhys,
What's Up Doc?,Warner Bros. Pictures,Peter Bogdanovich,Barbra Streisand,Ryan O'Neal,
GirlBoss,"Hippolyta Productions, LLC","Jamie Babbit, Amanda Brotchie, Steven K. Tsuchida, Christian Ditter, John Riggi",Britt Robertson,Ellie Reed,Amanda Rea
The Princess Diaries,Walt Disney Pictures,Garry Marshall,Julie Andrews,Anne Hathway,
Freebie and the Bean,Warner Bros. Pictures,Richard Rush,Alan Arkin,James Caan,Loretta Swit
Boys and Girls,Punch 21 Productions,Robert Iscove,"Freddie Prinze, Jr.",Alyson Hannigan,
Looking Season 2 ep 209,"Mission Street Productions, LLC",Andrew Haigh,Jonathan Groff,Frankie Alvarez,Murray Bartlett
Americana,Sutro Films LLC,Zachary Shedd,Kelli Garner,Jack Davenport,Peter Coyote
Ballers Season 3,"Chori Perros Productions, LLC",Julian Farino,Dwayne Johnson,John David Washington,Omar Benson Miller
I Am Michael,Thatâs Hollywood,Justin Kelly,James Franco,Emma Roberts,Zachary Quinto
Steve Jobs,RDF Productions LLC,Danny Boyle,Michael Fassbender,Kate Winslet,Seth Rogen
180,SPI Cinemas,Jayendra,Siddarth,Nithya Menon,Priya Anand
Cardinal X,Fire Horse Film Productions LLC,Annie Wang,Annie Q,Francesca Eastwood,Pierson Fode
Sudden Impact,Warner Bros. Pictures,Clint Eastwood,Clint Eastwood,Sondra Locke,Pat Hingle
GirlBoss,"Hippolyta Productions, LLC","Jamie Babbit, Amanda Brotchie, Steven K. Tsuchida, Christian Ditter, John Riggi",Britt Robertson,Ellie Reed,Amanda Rea
"Murder in the First, Season 1",Turner North Center Productions,Steven Bochcho,Taye Diggs,Kathleen Robertson,Ian Anthony Dale
Looking,"Mission Street Productions, LLC",Andrew Haigh,Jonathan Groff,Frankie J. Alvarez,Murray Bartlett
Bullitt,"Warner Brothers / Seven Arts
Seven Arts",Peter Yates,Steve McQueen,Jacqueline Bisset,Robert Vaughn
Guess Who's Coming to Dinner,Columbia Pictures Corporation,Stanley Kramer,Spencer Tracy,Sidney Poitier,Katharine Hepburn
What's Up Doc?,Warner Bros. Pictures,Peter Bogdanovich,Barbra Streisand,Ryan O'Neal,
Golden Gate,American Playhouse Theatrical Films,John Madden,Matt Dillon,Joan Chen,
Groove,415 Productions,Greg Harrison,Chris Ferreira,Elizabeth Sun,
Looking,"Mission Street Productions, LLC",Andrew Haigh,Jonathan Groff,Frankie J. Alvarez,Murray Bartlett
American Yearbook,All Planet Studios,Brian Ging,Nick Tagas,Jon Carlo Alvarez,
Steve Jobs,RDF Productions LLC,Danny Boyle,Michael Fassbender,Kate Winslet,Seth Rogen
Junior,Northern Lights Entertainment,Ivan Reitman,Arnold Schwarzenegger,Danny DeVito,Emma Thompson
Bedazzled,Twentieth Century Fox Film Corp.,Harold Ramis,Brendan Fraser,Elizabeth Hurley,
Jade,Paramount Pictures,William Friedkin,David Caruso,Linda Fiorentino,Chazz Palminteri
Happy Gilmore,Brillstein-Grey Entertainment,Dennis Dugan,Adam Sandler,,
Red Widow,Beyond Pix,Alon Aranya,Radha Mitchell,Sterling Beaumon,Clifton Collins Jr.
Looking Season 2 ep 204,"Mission Street Productions, LLC",Andrew Haigh,Jonathan Groff,Frankie Alvarez,Murray Bartlett
Looking Season 2 ep 204,"Mission Street Productions, LLC",Andrew Haigh,Jonathan Groff,Frankie Alvarez,Murray Bartlett
Sudden Fear,Joseph Kaufmann Pictures,David Miller,Joan Crawford,Jack Palance,Gloria Grahame
Sense8,"Unpronounceable Productions, LLC",The Wachowskis,Jamie Clayton,,
Ant-Man,"PYM Particles Productions, LLC",Peyton Reed,Michael Douglas,Paul Rudd,
Bedazzled,Twentieth Century Fox Film Corp.,Harold Ramis,Brendan Fraser,Elizabeth Hurley,
High Crimes,Twentieth Century Fox Film Corporation,Mel Brooks,Mel Brooks,Madeline Kahn,
Terminator - Genisys,T5 Productions LLC,Alan Taylor,Arnold Schwarzenegger,Jason Clarke,
Blue Jasmine,Perdido Productions,Woody Allen,Cate Blanchett,Alec Baldwin,Peter Sarsgaard
Chance- Season 1 ep103,TVM Productions,Michael Lehmann,Hugh Laurie,Gretchen Mol,Ethan Suplee
Sense8 - Season 2,"Unpronounceable Productions, LLC",Wachowski Siblings,Jamie Clayton,Daryl Hannah,Naveen Andrews
180,SPI Cinemas,Jayendra,Siddarth,Nithya Menon,Priya Anand
Petulia,Warner Brothers / Seven Arts,Richard Lester,Julie Christie,George C. Scott,Richard Chamberlain
The Last Black Man in San Francisco,"LBMISF, LLC",Joe Talbot,Jimmie Fails,Jonathan Majors,Danny Glover
Petulia,Warner Brothers / Seven Arts,Richard Lester,Julie Christie,George C. Scott,Richard Chamberlain
Venom,"L.O.Z. Productions, Inc.",Ruben Fleischer,Tom Hardy,Michelle Wiliams,Riz Ahmed
Looking Season 2 ep 203,"Mission Street Productions, LLC",Andrew Haigh,Jonathan Groff,Frankie Alvarez,Murray Bartlett
Confessions of a Burning Man,Hotbed Media,Paul Barnett,Kevin Epps,Anna Getty,
The Love Bug,Walt Disney Productions,Robert Stevenson,Dean Jones,Michele Lee,David Tomlinson
Bitter Melon,Bitter Melon Film LLC/Mammoth Pictures,H.P. Mendoza,Jon Norman Schneider,Patrick Epino,Brian Rivera
"Murder in the First, Season 3",Turner North Center Productions,Steven Bochcho,Taye Diggs,Kathleen Robertson,Ian Anthony Dale
Mona Lisa Smile,Revolution Studios,Mike Newell,Julia Roberts,Kirsten Dunst,
The Wedding Planner,Columbia Pictures,Adam Shankman,Jennifer Lopez,Matthew McConaughey,
Time After Time,Orion Pictures Corp.,Nicholas Meyer,Malcolm McDowell,Mary Steenburgen,David Warner
Chance Season 2,TVM Productions Inc.,Rozann Dawson,Hugh Laurie,Greta Lee,Ethan Suplee
"Looking ""Special""","Mission Street Productions, LLC",Andrew Haigh,Jonathan Groff,Frankie Alvarez,Murray Bartlett
Chance Season 2,TVM Productions Inc.,Rozann Dawson,Hugh Laurie,Greta Lee,Ethan Suplee
A Taiwanese Tale of Two Cities,Envision Productions Inc.,Tien-Lun Yeh,Tammy Cheng,Peggy Tseng,Shen-Hao Wen
Golden Gate,American Playhouse Theatrical Films,John Madden,Matt Dillon,Joan Chen,
The Dead Pool,Warner Bros. Pictures,Buddy Van Horn,Clint Eastwood,Liam Neeson,Patricia Clarkson
Venom,"L.O.Z. Productions, Inc.",Ruben Fleischer,Tom Hardy,Michelle Wiliams,Riz Ahmed
Chance- Season 1 ep109,TVM Productions,Sara Gran and Pete Begler,Hugh Laurie,Gretchen Mol,Ethan Suplee
Bedazzled,Twentieth Century Fox Film Corp.,Harold Ramis,Brendan Fraser,Elizabeth Hurley,
The Rock,Hollywood Pictures,Michael Bay,Sean Connery,Nicolas Cage,
The Dead Pool,Warner Bros. Pictures,Buddy Van Horn,Clint Eastwood,Liam Neeson,Patricia Clarkson
When We Rise,Film 49 Productions,Gus Van Sant,Guy Pierce,Mary-Louise Parker,Michael Kenneth Williams
The Last Black Man in San Francisco,"LBMISF, LLC",Joe Talbot,Jimmie Fails,Jonathan Majors,Danny Glover
D.O.A,Cardinal Pictures,Rudolph Mate,Edmond O'Brien,Pamela Britton,Luther Adler
Golden Gate,Metro-Goldwyn-Mayer (MGM),Howard Deutch,Matt Dillon,Joan Chen,
The Bridge,Easy There Tiger Productions,Eric Steel,John Snowden,,
Getting Even with Dad,Metro-Goldwyn-Mayer (MGM),Howard Deutch,Macaulay Culkin,Ted Danson,
Bullitt,"Warner Brothers / Seven Arts
Seven Arts",Peter Yates,Steve McQueen,Jacqueline Bisset,Robert Vaughn
Always Be My Maybe,"Isla Productions, LLC",Nahnatchka Khan,Ali Wong,Randall Park,Keanu Reeves
Ant-Man,"PYM Particles Productions, LLC",Peyton Reed,Michael Douglas,Paul Rudd,
"Murder in the First, Season 3",Turner North Center Productions,Steven Bochcho,Taye Diggs,Kathleen Robertson,Ian Anthony Dale
Always Be My Maybe,"Isla Productions, LLC",Nahnatchka Khan,Ali Wong,Randall Park,Keanu Reeves
Chance Season 2,TVM Productions Inc.,Rozann Dawson,Hugh Laurie,Greta Lee,Ethan Suplee
The Woman In Red,Orion Pictures Corp.,Gene Wilder,Gene Wilder,Charles Grodin,
Tweek City,Tweek City LLC,Eric G. Johnson,Giuseppe Andrews,,
Bullitt,"Warner Brothers / Seven Arts
Seven Arts",Peter Yates,Steve McQueen,Jacqueline Bisset,Robert Vaughn
The Competition,Columbia Pictures Corporation,Joel Oliansky,Richard Dreyfuss,Amy Irving,Lee Remick
Looking Season 2 ep 204,"Mission Street Productions, LLC",Andrew Haigh,Jonathan Groff,Frankie Alvarez,Murray Bartlett
Take the Money and Run,American Broadcasting Company (ABC),Woody Allen,Woody Allen,Janet Margolin,
GirlBoss,"Hippolyta Productions, LLC","Jamie Babbit, Amanda Brotchie, Steven K. Tsuchida, Christian Ditter, John Riggi",Britt Robertson,Ellie Reed,Amanda Rea
The Enforcer,Warner Bros. Pictures,James Fargo,Clint Eastwood,Tyne Daly,Harry Guardino
The Wedding Planner,Columbia Pictures,Adam Shankman,Jennifer Lopez,Matthew McConaughey,
Time After Time,Orion Pictures Corp.,Nicholas Meyer,Malcolm McDowell,Mary Steenburgen,David Warner
The Last Black Man in San Francisco,"LBMISF, LLC",Joe Talbot,Jimmie Fails,Jonathan Majors,Danny Glover
The Enforcer,Warner Bros. Pictures,James Fargo,Clint Eastwood,Tyne Daly,Harry Guardino
Alcatraz,Bonanza Productions Inc.,J.J. Abrams,Sarah Jones,Jorge Garcia,
Junior,Northern Lights Entertainment,Ivan Reitman,Arnold Schwarzenegger,Danny DeVito,Emma Thompson
Mother,Paramount Pictures,Albert Brooks,Albert Brooks,Debbie Reynolds,
Sister Act 2: Back in the Habit,Touchstone Pictures,Bill Duke,Whoopi Goldberg,Maggie Smith,
Terminator - Genisys,T5 Productions LLC,Alan Taylor,Arnold Schwarzenegger,Jason Clarke,
Chance- Season 1 ep104,TVM Productions,Carl Franklin,Hugh Laurie,Gretchen Mol,Ethan Suplee
Just One Night,Panoptic Pictures,Alan Jacobs,Timothy Hutton,Maria Grazia Cucinotta,
"Murder in the First, Season 2",Turner North Center Productions,Steven Bochcho,Taye Diggs,Kathleen Robertson,Ian Anthony Dale
The Conversation,American Zoetrope,Francis Ford Coppola,Gene Hackman,John Cazale,Allen Garfield
