Organisation Name,Department where exp. Incurred,Service Category Label,Supplier (Beneficiary),Purpose of Expenditure,Procurement (Merchant) Category,Purchase Date,Settlement Date,Transaction Number,Net Amount (Â£)
Stockport MBC,Services to People,Adult Social Care,TRAINLINE,Travelling Expenses,Human Resources Travel & Subsistence ,30.04.2018,16.05.2018,GPC04180000001,91.50
Stockport MBC,Services to People,Adult Social Care,SNBRU AIR,Travelling Expenses,Human Resources Travel & Subsistence ,28.04.2018,16.05.2018,GPC04180000002,22.61
Stockport MBC,Services to People,Adult Social Care,SNCB-NMBS INTERNET NA,Travelling Expenses,Human Resources Travel & Subsistence ,28.04.2018,16.05.2018,GPC04180000003,16.28
Stockport MBC,Corporate and Support Services,Central Services to the public,LUL TICKET MACHINE,Travelling Expenses,Human Resources Travel & Subsistence ,30.04.2018,16.05.2018,GPC04180000004,2.40
Stockport MBC,Corporate and Support Services,Central Services to the public,WEST COAST TRAINS,Travelling Expenses,Human Resources Travel & Subsistence ,30.04.2018,16.05.2018,GPC04180000005,17.00
Stockport MBC,Corporate and Support Services,Central Services to the public,PREMIER INN44034360,Travelling Expenses,Human Resources Travel & Subsistence ,29.04.2018,16.05.2018,GPC04180000006,85.00
Stockport MBC,Corporate and Support Services,Central Services to the public,VIRGIN TRAINS,Travelling Expenses,Human Resources Travel & Subsistence ,27.04.2018,16.05.2018,GPC04180000007,144.50
Stockport MBC,Corporate and Support Services,Central Services to the public,LUL TICKET MACHINE,Travelling Expenses,Human Resources Travel & Subsistence ,29.04.2018,16.05.2018,GPC04180000008,2.40
Stockport MBC,Corporate and Support Services,Central Services to the public,TRAINLINE,Travelling Expenses,Human Resources Travel & Subsistence ,23.04.2018,16.05.2018,GPC04180000009,16.15
Stockport MBC,Corporate and Support Services,Central Support Costs,FACEBK 7NNAQF6MG2,Publicity and Promotion,Facilities & Management Services  ,30.04.2018,16.05.2018,GPC04180000010,8.21
Stockport MBC,Corporate and Support Services,Central Support Costs,FACEBK 97DCEFAUU2,Publicity and Promotion,Facilities & Management Services  ,30.04.2018,16.05.2018,GPC04180000011,72.78
Stockport MBC,Corporate and Support Services,Central Support Costs,FACEBK 6NNAQF6MG2,Publicity and Promotion,Facilities & Management Services  ,30.04.2018,16.05.2018,GPC04180000012,246.86
Stockport MBC,Corporate and Support Services,Central Support Costs,LINKEDIN-376 4205854,Publicity and Promotion,Facilities & Management Services  ,14.04.2018,16.05.2018,GPC04180000013,64.32
Stockport MBC,Corporate and Support Services,Central Support Costs,AWARENESSDAYS.CO.UK,Publicity and Promotion,Facilities & Management Services  ,05.04.2018,16.05.2018,GPC04180000014,-39.99
Stockport MBC,Services to People,Childrens & Educational Services,ASDA STORES 4840,Catering Supplies,Catering Food & Beverages ,01.05.2018,16.05.2018,GPC04180000015,18.47
Stockport MBC,Services to People,Childrens & Educational Services,ASDA STORES 4840,Catering Supplies,Catering Food & Beverages ,30.04.2018,16.05.2018,GPC04180000016,30.83
Stockport MBC,Services to People,Childrens & Educational Services,ASDA STORES 4840,Catering Supplies,Catering Food & Beverages ,27.04.2018,16.05.2018,GPC04180000017,7.39
Stockport MBC,Services to People,Childrens & Educational Services,ASDA STORES 4840,Catering Supplies,Catering Food & Beverages ,26.04.2018,16.05.2018,GPC04180000018,7.43
Stockport MBC,Services to People,Childrens & Educational Services,ASDA STORES 4840,Catering Supplies,Catering Food & Beverages ,25.04.2018,16.05.2018,GPC04180000019,19.19
Stockport MBC,Services to People,Childrens & Educational Services,ASDA STORES 4840,Catering Supplies,Catering Food & Beverages ,24.04.2018,16.05.2018,GPC04180000020,13.98
Stockport MBC,Services to People,Childrens & Educational Services,ASDA STORES 4840,Catering Supplies,Catering Food & Beverages ,23.04.2018,16.05.2018,GPC04180000021,28.34
Stockport MBC,Services to People,Childrens & Educational Services,ASDA STORES 4840,Catering Supplies,Catering Food & Beverages ,20.04.2018,16.05.2018,GPC04180000022,9.22
Stockport MBC,Services to People,Childrens & Educational Services,ASDA STORES 4840,Catering Supplies,Catering Food & Beverages ,19.04.2018,16.05.2018,GPC04180000023,21.41
Stockport MBC,Services to People,Childrens & Educational Services,ASDA STORES 4840,Catering Supplies,Catering Food & Beverages ,18.04.2018,16.05.2018,GPC04180000024,18.73
Stockport MBC,Services to People,Childrens & Educational Services,ASDA STORES 4840,Catering Supplies,Catering Food & Beverages ,17.04.2018,16.05.2018,GPC04180000025,13.72
Stockport MBC,Services to People,Childrens & Educational Services,ASDA STORES 4840,Catering Supplies,Catering Food & Beverages ,16.04.2018,16.05.2018,GPC04180000026,37.07
Stockport MBC,Services to People,Childrens & Educational Services,TRAINLINE,Travelling Expenses,Human Resources Travel & Subsistence ,27.04.2018,16.05.2018,GPC04180000027,71.35
Stockport MBC,Services to People,Childrens & Educational Services,TRAINLINE,Travelling Expenses,Human Resources Travel & Subsistence ,25.04.2018,16.05.2018,GPC04180000028,75.00
Stockport MBC,Services to People,Childrens & Educational Services,TRAINLINE,Travelling Expenses,Human Resources Travel & Subsistence ,25.04.2018,16.05.2018,GPC04180000029,110.80
Stockport MBC,Services to People,Childrens & Educational Services,TRAINLINE,Travelling Expenses,Human Resources Travel & Subsistence ,18.04.2018,16.05.2018,GPC04180000030,-240.00
Stockport MBC,Services to People,Childrens & Educational Services,PREMIER INN44024415,Expenses and Allowances,Catering  ,16.04.2018,16.05.2018,GPC04180000031,176.00
Stockport MBC,Services to People,Childrens & Educational Services,TRAINLINE,Travelling Expenses,Human Resources Travel & Subsistence ,09.04.2018,16.05.2018,GPC04180000032,280.00
Stockport MBC,Services to People,Childrens & Educational Services,TRAINLINE,Travelling Expenses,Human Resources Travel & Subsistence ,09.04.2018,16.05.2018,GPC04180000033,244.00
Stockport MBC,Services to People,Childrens & Educational Services,TRAINLINE,Travelling Expenses,Human Resources Travel & Subsistence ,03.04.2018,16.05.2018,GPC04180000034,86.15
Stockport MBC,Services to People,Childrens & Educational Services,WWW.THOMANN.DE,Furniture and Equipment,Furniture & Soft Furnishings  ,30.04.2018,16.05.2018,GPC04180000035,46.90
Stockport MBC,Services to People,Childrens & Educational Services,AMAZON UK MARKETPLACE,Furniture and Equipment,Environmental Services Technical Equipment ,19.04.2018,16.05.2018,GPC04180000036,26.66
Stockport MBC,Services to People,Childrens & Educational Services,HEATON CHAPEL STN TO,Travelling Expenses,Human Resources Travel & Subsistence ,14.04.2018,16.05.2018,GPC04180000037,4.10
Stockport MBC,Services to People,Childrens & Educational Services,TRAINLINE,Travelling Expenses,Human Resources Travel & Subsistence ,01.05.2018,16.05.2018,GPC04180000038,25.05
Stockport MBC,Services to People,Childrens & Educational Services,HOTELS.COM147652777575,Travelling Expenses,Human Resources Travel & Subsistence ,30.04.2018,16.05.2018,GPC04180000039,270.00
Stockport MBC,Services to People,Childrens & Educational Services,TRAINLINE,Travelling Expenses,Human Resources Travel & Subsistence ,30.04.2018,16.05.2018,GPC04180000040,501.50
Stockport MBC,Services to People,Childrens & Educational Services,TRAINLINE,Travelling Expenses,Human Resources Travel & Subsistence ,27.04.2018,16.05.2018,GPC04180000041,63.50
Stockport MBC,Services to People,Childrens & Educational Services,PREMIER INN 44536865,Travelling Expenses,Human Resources Travel & Subsistence ,27.04.2018,16.05.2018,GPC04180000042,122.50
Stockport MBC,Services to People,Childrens & Educational Services,TRAINLINE,Travelling Expenses,Human Resources Travel & Subsistence ,27.04.2018,16.05.2018,GPC04180000043,24.15
Stockport MBC,Services to People,Childrens & Educational Services,TRAINLINE,Travelling Expenses,Human Resources Travel & Subsistence ,27.04.2018,16.05.2018,GPC04180000044,182.00
Stockport MBC,Services to People,Childrens & Educational Services,GOOGLE  ADWS8179771860,Office Expenses,Facilities & Management Services  ,23.04.2018,16.05.2018,GPC04180000045,500.00
Stockport MBC,Services to People,Childrens & Educational Services,FLYBEECE1 ECE1SV,Travelling Expenses,Human Resources Travel & Subsistence ,19.04.2018,16.05.2018,GPC04180000046,110.98
Stockport MBC,Services to People,Childrens & Educational Services,TRAINLINE,Travelling Expenses,Human Resources Travel & Subsistence ,16.04.2018,16.05.2018,GPC04180000047,263.50
Stockport MBC,Services to People,Childrens & Educational Services,GOOGLE  ADWS8179771860,Office Expenses,Facilities & Management Services  ,14.04.2018,16.05.2018,GPC04180000048,500.00
Stockport MBC,Services to People,Childrens & Educational Services,CARTRIDGE SAVE,Office Expenses,Stationery    ,04.04.2018,16.05.2018,GPC04180000049,301.01
Stockport MBC,Services to People,Childrens & Educational Services,GOOGLE  ADWS8179771860,Office Expenses,Facilities & Management Services  ,04.04.2018,16.05.2018,GPC04180000050,500.00
Stockport MBC,Services to People,Childrens & Educational Services,TOWN CENTRE CAR PARK L,Travelling Expenses,Human Resources Travel & Subsistence ,27.04.2018,16.05.2018,GPC04180000051,8.00
Stockport MBC,Services to People,Childrens & Educational Services,NCP LIMITED,Travelling Expenses,Human Resources Travel & Subsistence ,26.04.2018,16.05.2018,GPC04180000052,18.50
Stockport MBC,Services to People,Childrens & Educational Services,NCP LIMITED,Travelling Expenses,Human Resources Travel & Subsistence ,25.04.2018,16.05.2018,GPC04180000053,18.50
Stockport MBC,Services to People,Childrens & Educational Services,NCP LIMITED,Travelling Expenses,Human Resources Travel & Subsistence ,06.04.2018,16.05.2018,GPC04180000054,18.50
Stockport MBC,Services to Place,Central Support Costs,WEST COAST TRAINS,Travelling Expenses,Human Resources Travel & Subsistence ,30.04.2018,16.05.2018,GPC04180000055,4.50
Stockport MBC,Services to Place,Central Support Costs,WEST COAST TRAINS,Travelling Expenses,Human Resources Travel & Subsistence ,30.04.2018,16.05.2018,GPC04180000056,12.20
Stockport MBC,Services to Place,Central Support Costs,STOCKPORT STN SST,Travelling Expenses,Human Resources Travel & Subsistence ,25.04.2018,16.05.2018,GPC04180000057,6.10
Stockport MBC,Services to Place,Central Support Costs,STOCKPORT STN SST,Travelling Expenses,Human Resources Travel & Subsistence ,18.04.2018,16.05.2018,GPC04180000058,12.20
Stockport MBC,Services to Place,Central Support Costs,WEST COAST TRAINS,Travelling Expenses,Human Resources Travel & Subsistence ,17.04.2018,16.05.2018,GPC04180000059,6.10
Stockport MBC,Services to Place,Central Support Costs,STOCKPORT STN SST,Travelling Expenses,Human Resources Travel & Subsistence ,13.04.2018,16.05.2018,GPC04180000060,6.10
Stockport MBC,Services to Place,Central Support Costs,STOCKPORT STN SST,Travelling Expenses,Human Resources Travel & Subsistence ,04.04.2018,16.05.2018,GPC04180000061,12.20
Stockport MBC,Services to People,Childrens & Educational Services,B & Q 1279,Furniture and Equipment,Environmental Services Technical Equipment ,27.04.2018,16.05.2018,GPC04180000062,60.00
Stockport MBC,Services to People,Childrens & Educational Services,W M MORRISON PLC,Catering Supplies,Catering Food & Beverages ,25.04.2018,16.05.2018,GPC04180000063,22.97
Stockport MBC,Services to People,Childrens & Educational Services,B & M RETAIL,Furniture and Equipment,Environmental Services Technical Equipment ,25.04.2018,16.05.2018,GPC04180000064,36.88
Stockport MBC,Services to People,Childrens & Educational Services,OSCARS CHEADLE HULME,Furniture and Equipment,Environmental Services Technical Equipment ,24.04.2018,16.05.2018,GPC04180000065,20.64
Stockport MBC,Services to People,Childrens & Educational Services,TRAINLINE,Travelling Expenses,Human Resources Travel & Subsistence ,23.04.2018,16.05.2018,GPC04180000066,148.35
Stockport MBC,Services to People,Childrens & Educational Services,W M MORRISON PLC,Catering Supplies,Catering Food & Beverages ,20.04.2018,16.05.2018,GPC04180000067,23.10
Stockport MBC,Services to People,Childrens & Educational Services,ADOBE  PHOTOGPHY PLAN,Furniture and Equipment,Environmental Services Technical Equipment ,21.04.2018,16.05.2018,GPC04180000068,119.21
Stockport MBC,Services to People,Childrens & Educational Services,PAYPAL  MISP,Staff Training,Human Resources  ,18.04.2018,16.05.2018,GPC04180000069,90.00
Stockport MBC,Services to People,Childrens & Educational Services,W M MORRISON PLC,Catering Supplies,Catering Food & Beverages ,16.04.2018,16.05.2018,GPC04180000070,24.00
Stockport MBC,Corporate and Support Services,Corporate & Democratic Core,LIDL UK  STOCKPORT,Expenses and Allowances,Catering  ,01.05.2018,16.05.2018,GPC04180000071,18.68
Stockport MBC,Corporate and Support Services,Corporate & Democratic Core,CARTRIDGE CARE LTD,Furniture and Equipment,Environmental Services Technical Equipment ,26.04.2018,16.05.2018,GPC04180000072,41.66
Stockport MBC,Corporate and Support Services,Corporate & Democratic Core,AMAZON EU,Expenses and Allowances,Catering  ,25.04.2018,16.05.2018,GPC04180000073,17.24
Stockport MBC,Corporate and Support Services,Corporate & Democratic Core,AMAZON UK MARKETPLACE,Expenses and Allowances,Catering  ,24.04.2018,16.05.2018,GPC04180000074,12.99
Stockport MBC,Corporate and Support Services,Corporate & Democratic Core,AMAZON UK MARKETPLACE,Expenses and Allowances,Catering  ,24.04.2018,16.05.2018,GPC04180000075,16.66
Stockport MBC,Corporate and Support Services,Corporate & Democratic Core,WWW.UKWRISTBANDS.COM,Furniture and Equipment,Environmental Services Technical Equipment ,20.04.2018,16.05.2018,GPC04180000076,13.15
Stockport MBC,Corporate and Support Services,Corporate & Democratic Core,AMAZON UK MARKETPLACE,Furniture and Equipment,Environmental Services Technical Equipment ,14.04.2018,16.05.2018,GPC04180000077,89.90
Stockport MBC,Corporate and Support Services,Corporate & Democratic Core,AMAZON UK MARKETPLACE,Furniture and Equipment,Environmental Services Technical Equipment ,10.04.2018,16.05.2018,GPC04180000078,11.99
Stockport MBC,Corporate and Support Services,Corporate & Democratic Core,CARTRIDGE CARE LTD,Furniture and Equipment,Environmental Services Technical Equipment ,09.04.2018,16.05.2018,GPC04180000079,37.50
Stockport MBC,Corporate and Support Services,Corporate & Democratic Core,AMAZON UK MARKETPLACE,Furniture and Equipment,Environmental Services Technical Equipment ,10.04.2018,16.05.2018,GPC04180000080,8.99
Stockport MBC,Corporate and Support Services,Central Support Costs,WWW.GOV.UK,Legal Fees,Legal Services  ,17.04.2018,16.05.2018,GPC04180000081,10.00
Stockport MBC,Corporate and Support Services,Central Support Costs,COUNTY COURT,Legal Fees,Legal Services  ,11.04.2018,16.05.2018,GPC04180000082,100.00
Stockport MBC,Services to People,Public Health,WWW.THE-BEADSHOP.UK,Office Expenses,Stationery    ,04.04.2018,16.05.2018,GPC04180000083,-36.98
Stockport MBC,Corporate and Support Services,Planning Services,W M MORRISONS,Publicity and Promotion,Arts & Leisure Services  ,26.04.2018,16.05.2018,GPC04180000084,22.54
Stockport MBC,Corporate and Support Services,Planning Services,CURRYS STOCKPORT 2828,Furniture and Equipment,Environmental Services Technical Equipment ,24.04.2018,16.05.2018,GPC04180000085,109.98
Stockport MBC,Corporate and Support Services,Planning Services,W M MORRISONS,Publicity and Promotion,Arts & Leisure Services  ,20.04.2018,16.05.2018,GPC04180000086,18.39
Stockport MBC,Services to People,Childrens & Educational Services,AMAZON EU,Library Equipment,Education Library Books ,30.04.2018,16.05.2018,GPC04180000087,18.24
Stockport MBC,Services to People,Childrens & Educational Services,WAITROSE DIRECT,Furniture and Equipment,Environmental Services Technical Equipment ,16.04.2018,16.05.2018,GPC04180000088,30.95
Stockport MBC,Services to People,Adult Social Care,VIRGIN TRAINS,Travelling Expenses,Human Resources Travel & Subsistence ,01.05.2018,16.05.2018,GPC04180000089,151.00
Stockport MBC,Services to People,Childrens & Educational Services,AMAZON EU,Furniture and Equipment,Environmental Services Technical Equipment ,26.04.2018,16.05.2018,GPC04180000090,16.16
Stockport MBC,Services to People,Childrens & Educational Services,AMAZON UK MARKETPLACE,Furniture and Equipment,Environmental Services Technical Equipment ,25.04.2018,16.05.2018,GPC04180000091,1.54
Stockport MBC,Services to People,Childrens & Educational Services,ASDA STORES 4840,Catering Supplies,Catering Food & Beverages ,30.04.2018,16.05.2018,GPC04180000092,27.96
Stockport MBC,Services to People,Childrens & Educational Services,THE POST OFFICE,Office Expenses,Mail ServicesÂ   ,30.04.2018,16.05.2018,GPC04180000093,20.88
Stockport MBC,Services to People,Childrens & Educational Services,TIMPSON LTD,Furniture and Equipment,Environmental Services Technical Equipment ,27.04.2018,16.05.2018,GPC04180000094,75.00
Stockport MBC,Services to People,Childrens & Educational Services,PREMIER INN44521330,Third party payments - Private/Voluntary Sector,Social Community Care Supplies & Services  ,26.04.2018,16.05.2018,GPC04180000095,64.00
Stockport MBC,Services to People,Childrens & Educational Services,BRITANNIA HOTEL,Care Payments,Social Community Care Supplies & Services  ,23.04.2018,16.05.2018,GPC04180000096,108.00
Stockport MBC,Services to People,Childrens & Educational Services,TRAINLINE,Care Payments,Social Community Care Supplies & Services  ,23.04.2018,16.05.2018,GPC04180000097,108.70
Stockport MBC,Services to People,Childrens & Educational Services,WWW.CORAM.ORG.UK,Library Equipment,Education Library Books ,18.04.2018,16.05.2018,GPC04180000098,129.60
Stockport MBC,Services to People,Childrens & Educational Services,HM PASSPORT OFFICE,Care Payments,Social Community Care Supplies & Services  ,17.04.2018,16.05.2018,GPC04180000099,49.00
Stockport MBC,Services to People,Childrens & Educational Services,HUB BY PREMIER INN 496,Third party payments - Private/Voluntary Sector,Social Community Care Supplies & Services  ,12.04.2018,16.05.2018,GPC04180000100,87.00
Stockport MBC,Services to People,Childrens & Educational Services,BRITANNIA HOTEL,Care Payments,Social Community Care Supplies & Services  ,13.04.2018,16.05.2018,GPC04180000101,"1,507.00"
Stockport MBC,Services to People,Childrens & Educational Services,PREMIER INN44028665,Third party payments - Private/Voluntary Sector,Social Community Care Supplies & Services  ,13.04.2018,16.05.2018,GPC04180000102,96.99
Stockport MBC,Services to People,Childrens & Educational Services,WWW.STOCKPORT.GOV.UK,Care Payments,Social Community Care Supplies & Services  ,12.04.2018,16.05.2018,GPC04180000103,42.00
Stockport MBC,Services to People,Childrens & Educational Services,WWW.STOCKPORT.GOV.UK,Care Payments,Social Community Care Supplies & Services  ,12.04.2018,16.05.2018,GPC04180000104,30.00
Stockport MBC,Services to People,Childrens & Educational Services,WWW.STOCKPORT.GOV.UK,Care Payments,Social Community Care Supplies & Services  ,12.04.2018,16.05.2018,GPC04180000105,10.00
Stockport MBC,Services to People,Childrens & Educational Services,TRAINLINE,Staff Training,Human Resources  ,12.04.2018,16.05.2018,GPC04180000106,158.00
Stockport MBC,Services to People,Childrens & Educational Services,TRAINLINE,Travelling Expenses,Human Resources Travel & Subsistence ,12.04.2018,16.05.2018,GPC04180000107,41.00
Stockport MBC,Services to People,Childrens & Educational Services,TRAINLINE,Travelling Expenses,Human Resources Travel & Subsistence ,12.04.2018,16.05.2018,GPC04180000108,23.75
Stockport MBC,Services to People,Childrens & Educational Services,TRAINLINE,Travelling Expenses,Human Resources Travel & Subsistence ,12.04.2018,16.05.2018,GPC04180000109,84.20
Stockport MBC,Services to People,Childrens & Educational Services,TRAINLINE,Travelling Expenses,Human Resources Travel & Subsistence ,12.04.2018,16.05.2018,GPC04180000110,67.90
Stockport MBC,Services to People,Childrens & Educational Services,PAYPAL  NATIONALASS,Third party payments - Private/Voluntary Sector,Social Community Care Supplies & Services  ,11.04.2018,16.05.2018,GPC04180000111,20.00
Stockport MBC,Services to People,Childrens & Educational Services,BRITANNIA HOTEL,Care Payments,Social Community Care Supplies & Services  ,10.04.2018,16.05.2018,GPC04180000112,167.50
Stockport MBC,Services to People,Childrens & Educational Services,TRAINLINE,Staff Training,Human Resources  ,09.04.2018,16.05.2018,GPC04180000113,90.30
Stockport MBC,Services to People,Childrens & Educational Services,TRAINLINE,Staff Training,Human Resources  ,09.04.2018,16.05.2018,GPC04180000114,241.50
Stockport MBC,Services to People,Childrens & Educational Services,BRITANNIA,Care Payments,Social Community Care Supplies & Services  ,09.04.2018,16.05.2018,GPC04180000115,44.00
Stockport MBC,Services to People,Childrens & Educational Services,PREMIER INN40012815,Third party payments - Private/Voluntary Sector,Social Community Care Supplies & Services  ,06.04.2018,16.05.2018,GPC04180000116,83.49
Stockport MBC,Services to People,Childrens & Educational Services,TRAINLINE,Travelling Expenses,Human Resources Travel & Subsistence ,06.04.2018,16.05.2018,GPC04180000117,112.50
Stockport MBC,Services to People,Childrens & Educational Services,WWW.STOCKPORT.GOV.UK,Care Payments,Social Community Care Supplies & Services  ,06.04.2018,16.05.2018,GPC04180000118,10.00
Stockport MBC,Services to People,Childrens & Educational Services,TRAINLINE,Care Payments,Social Community Care Supplies & Services  ,06.04.2018,16.05.2018,GPC04180000119,55.90
Stockport MBC,Services to People,Childrens & Educational Services,MOTHERCARE DIRECT-E-CO,Furniture and Equipment,Furniture & Soft Furnishings  ,03.04.2018,16.05.2018,GPC04180000120,135.00
Stockport MBC,Services to People,Childrens & Educational Services,HM PASSPORT OFFICE,Care Payments,Social Community Care Supplies & Services  ,04.04.2018,16.05.2018,GPC04180000121,80.50
Stockport MBC,Services to People,Childrens & Educational Services,FLYBE.COM AP5D16       0,Travelling Expenses,Human Resources Travel & Subsistence ,03.04.2018,16.05.2018,GPC04180000122,136.99
Stockport MBC,Services to People,Adult Social Care,HMCOURTS-SERVICE.G,Legal Fees,Legal Services  ,25.04.2018,16.05.2018,GPC04180000123,75.00
Stockport MBC,Services to People,Childrens & Educational Services,ASDA STORES 4840,Catering Supplies,Catering Food & Beverages ,24.04.2018,16.05.2018,GPC04180000124,4.88
Stockport MBC,Services to People,Childrens & Educational Services,ASDA STORES 4840,Catering Supplies,Catering Food & Beverages ,23.04.2018,16.05.2018,GPC04180000125,57.08
Stockport MBC,Services to People,Childrens & Educational Services,ASDA STORES 4840,Catering Supplies,Catering Food & Beverages ,16.04.2018,16.05.2018,GPC04180000126,46.37
Stockport MBC,Services to People,Childrens & Educational Services,WILKO STOCKPORT,Furniture and Equipment,Furniture & Soft Furnishings  ,30.04.2018,16.05.2018,GPC04180000127,8.10
Stockport MBC,Services to People,Childrens & Educational Services,HOME BARGAINS,Furniture and Equipment,Furniture & Soft Furnishings  ,30.04.2018,16.05.2018,GPC04180000128,52.10
Stockport MBC,Corporate and Support Services,Cultural & Related Services,CO-OP GROUP 070280,Catering Supplies,Catering Food & Beverages ,09.04.2018,16.05.2018,GPC04180000129,1.25
Stockport MBC,Corporate and Support Services,Cultural & Related Services,CO-OP GROUP 070280,Catering Supplies,Catering Food & Beverages ,03.04.2018,16.05.2018,GPC04180000130,2.55
Stockport MBC,Services to Place,Planning Services,DIAMOND PUBLISHING LTD,Library Equipment,Education Library Books ,26.04.2018,16.05.2018,GPC04180000131,275.38
Stockport MBC,Services to People,Childrens & Educational Services,TRAINLINE,Travelling Expenses,Human Resources Travel & Subsistence ,20.04.2018,16.05.2018,GPC04180000132,160.50
Stockport MBC,Services to People,Childrens & Educational Services,WWW.MANAGEATHOME.CO.UK,Furniture and Equipment,Furniture & Soft Furnishings  ,10.04.2018,16.05.2018,GPC04180000133,19.95
Stockport MBC,Services to People,Childrens & Educational Services,FLYBE.COM B126P2       0,Travelling Expenses,Human Resources Travel & Subsistence ,09.04.2018,16.05.2018,GPC04180000134,189.98
Stockport MBC,Services to People,Childrens & Educational Services,TRAINLINE,Care Payments,Social Community Care Supplies & Services  ,01.05.2018,16.05.2018,GPC04180000135,43.30
Stockport MBC,Services to People,Childrens & Educational Services,GRO HM PASSPORT OFFICE,Care Payments,Social Community Care Supplies & Services  ,01.05.2018,16.05.2018,GPC04180000136,9.25
Stockport MBC,Services to People,Childrens & Educational Services,GRO HM PASSPORT OFFICE,Care Payments,Social Community Care Supplies & Services  ,27.04.2018,16.05.2018,GPC04180000137,-93.60
Stockport MBC,Services to People,Childrens & Educational Services,COOKSONS CATERING,Expenses and Allowances,Catering  ,30.04.2018,16.05.2018,GPC04180000138,168.00
Stockport MBC,Services to People,Childrens & Educational Services,BRITANNIA HOTEL,Care Payments,Social Community Care Supplies & Services  ,30.04.2018,16.05.2018,GPC04180000139,173.00
Stockport MBC,Services to People,Childrens & Educational Services,TRAINLINE,Travelling Expenses,Human Resources Travel & Subsistence ,30.04.2018,16.05.2018,GPC04180000140,151.50
Stockport MBC,Services to People,Childrens & Educational Services,GRO HM PASSPORT OFFICE,Care Payments,Social Community Care Supplies & Services  ,27.04.2018,16.05.2018,GPC04180000141,93.60
Stockport MBC,Services to People,Childrens & Educational Services,NATIONAL EXPRESS LIMIT,Care Payments,Social Community Care Supplies & Services  ,28.04.2018,16.05.2018,GPC04180000142,300.00
Stockport MBC,Services to People,Childrens & Educational Services,TRAINLINE,Care Payments,Social Community Care Supplies & Services  ,25.04.2018,16.05.2018,GPC04180000143,43.30
Stockport MBC,Services to People,Childrens & Educational Services,BRITANNIA HOTEL,Care Payments,Social Community Care Supplies & Services  ,25.04.2018,16.05.2018,GPC04180000144,281.00
Stockport MBC,Services to People,Childrens & Educational Services,TRAINLINE,Care Payments,Social Community Care Supplies & Services  ,24.04.2018,16.05.2018,GPC04180000145,77.05
Stockport MBC,Services to People,Childrens & Educational Services,WWW.STOCKPORT.GOV.UK,Care Payments,Social Community Care Supplies & Services  ,24.04.2018,16.05.2018,GPC04180000146,10.00
Stockport MBC,Services to People,Childrens & Educational Services,FLYBE.COM E1LQPT       0,Travelling Expenses,Human Resources Travel & Subsistence ,23.04.2018,16.05.2018,GPC04180000147,95.98
Stockport MBC,Services to People,Childrens & Educational Services,FLYBE.COM E1MDXH       0,Care Payments,Social Community Care Supplies & Services  ,23.04.2018,16.05.2018,GPC04180000148,47.99
Stockport MBC,Services to People,Childrens & Educational Services,TRAINLINE,Travelling Expenses,Human Resources Travel & Subsistence ,23.04.2018,16.05.2018,GPC04180000149,23.55
Stockport MBC,Services to People,Childrens & Educational Services,TRAINLINE,Travelling Expenses,Human Resources Travel & Subsistence ,23.04.2018,16.05.2018,GPC04180000150,4.65
Stockport MBC,Services to People,Childrens & Educational Services,TRAINLINE,Care Payments,Social Community Care Supplies & Services  ,23.04.2018,16.05.2018,GPC04180000151,20.25
Stockport MBC,Services to People,Childrens & Educational Services,TRAINLINE,Care Payments,Social Community Care Supplies & Services  ,23.04.2018,16.05.2018,GPC04180000152,11.25
Stockport MBC,Services to People,Childrens & Educational Services,TRAINLINE,Care Payments,Social Community Care Supplies & Services  ,20.04.2018,16.05.2018,GPC04180000153,43.30
Stockport MBC,Services to People,Childrens & Educational Services,TRAINLINE,Travelling Expenses,Human Resources Travel & Subsistence ,20.04.2018,16.05.2018,GPC04180000154,235.50
Stockport MBC,Services to People,Childrens & Educational Services,BRITANNIA HOTEL,Care Payments,Social Community Care Supplies & Services  ,20.04.2018,16.05.2018,GPC04180000155,232.00
Stockport MBC,Services to People,Childrens & Educational Services,TRAINLINE,Care Payments,Social Community Care Supplies & Services  ,13.04.2018,16.05.2018,GPC04180000156,40.50
Stockport MBC,Services to People,Childrens & Educational Services,BRITANNIA HOTEL,Care Payments,Social Community Care Supplies & Services  ,06.04.2018,16.05.2018,GPC04180000157,161.50
Stockport MBC,Services to People,Childrens & Educational Services,CO-OP GROUP 108403,Catering Supplies,Catering Food & Beverages ,01.05.2018,16.05.2018,GPC04180000158,3.59
Stockport MBC,Services to People,Childrens & Educational Services,ALDI 84 773,Catering Supplies,Catering Food & Beverages ,25.04.2018,16.05.2018,GPC04180000159,16.25
Stockport MBC,Services to People,Childrens & Educational Services,W M MORRISONS.COM,Catering Supplies,Catering Food & Beverages ,23.04.2018,16.05.2018,GPC04180000160,114.63
Stockport MBC,Services to People,Childrens & Educational Services,ALDI 84 773,Catering Supplies,Catering Food & Beverages ,18.04.2018,16.05.2018,GPC04180000161,10.83
Stockport MBC,Services to People,Childrens & Educational Services,ALDI 84 773,Catering Supplies,Catering Food & Beverages ,17.04.2018,16.05.2018,GPC04180000162,3.77
Stockport MBC,Services to People,Childrens & Educational Services,W M MORRISONS.COM,Catering Supplies,Catering Food & Beverages ,16.04.2018,16.05.2018,GPC04180000163,47.49
Stockport MBC,Services to People,Childrens & Educational Services,TESCO STORES 3378,Catering Supplies,Catering Food & Beverages ,27.04.2018,16.05.2018,GPC04180000164,161.77
Stockport MBC,Services to People,Childrens & Educational Services,TESCO STORES 3378,Catering Supplies,Catering Food & Beverages ,28.04.2018,16.05.2018,GPC04180000165,184.77
Stockport MBC,Services to People,Childrens & Educational Services,AMAZON DIGITAL SVCS,Publicity and Promotion,Arts & Leisure Services  ,29.04.2018,16.05.2018,GPC04180000166,3.99
Stockport MBC,Services to People,Childrens & Educational Services,NETFLIX.COM,Information and Communications Technology,Information Communication Technology  ,26.04.2018,16.05.2018,GPC04180000167,9.99
Stockport MBC,Services to People,Childrens & Educational Services,TESCO STORES 3378,Catering Supplies,Catering Food & Beverages ,21.04.2018,16.05.2018,GPC04180000168,180.99
Stockport MBC,Services to People,Childrens & Educational Services,PARENTPAY E-COM R,Catering Supplies,Catering Food & Beverages ,22.04.2018,16.05.2018,GPC04180000169,20.00
Stockport MBC,Services to People,Childrens & Educational Services,TESCO STORES 3378,Catering Supplies,Catering Food & Beverages ,20.04.2018,16.05.2018,GPC04180000170,148.96
Stockport MBC,Services to People,Childrens & Educational Services,ARGOS RETAIL GROUP,Publicity and Promotion,Arts & Leisure Services  ,20.04.2018,16.05.2018,GPC04180000171,49.99
Stockport MBC,Services to People,Childrens & Educational Services,WWW.ARGOS.CO.UK,Furniture and Equipment,Furniture & Soft Furnishings  ,18.04.2018,16.05.2018,GPC04180000172,422.94
Stockport MBC,Services to People,Childrens & Educational Services,TESCO STORES 5128,Catering Supplies,Catering Food & Beverages ,13.04.2018,16.05.2018,GPC04180000173,165.56
Stockport MBC,Services to People,Childrens & Educational Services,BLACKPOOL PLEASURE BEA,Publicity and Promotion,Arts & Leisure Services  ,14.04.2018,16.05.2018,GPC04180000174,26.00
Stockport MBC,Services to People,Childrens & Educational Services,TESCO STORES 3378,Catering Supplies,Catering Food & Beverages ,14.04.2018,16.05.2018,GPC04180000175,267.84
Stockport MBC,Services to People,Childrens & Educational Services,WWW.ICELAND.CO.UK,Catering Supplies,Catering Food & Beverages ,14.04.2018,16.05.2018,GPC04180000176,97.49
Stockport MBC,Services to People,Childrens & Educational Services,GBP JUMP NATION LTD,Publicity and Promotion,Arts & Leisure Services  ,12.04.2018,16.05.2018,GPC04180000177,39.80
Stockport MBC,Services to People,Childrens & Educational Services,BLACKPOOL PLEASURE BEA,Publicity and Promotion,Arts & Leisure Services  ,11.04.2018,16.05.2018,GPC04180000178,140.00
Stockport MBC,Services to People,Childrens & Educational Services,SHEFFIELD CABLE WATERS,Publicity and Promotion,Arts & Leisure Services  ,10.04.2018,16.05.2018,GPC04180000179,60.00
Stockport MBC,Services to People,Childrens & Educational Services,TESCO STORES 3378,Catering Supplies,Catering Food & Beverages ,07.04.2018,16.05.2018,GPC04180000180,162.83
Stockport MBC,Services to People,Childrens & Educational Services,TESCO STORES 5128,Catering Supplies,Catering Food & Beverages ,06.04.2018,16.05.2018,GPC04180000181,157.47
Stockport MBC,Services to People,Childrens & Educational Services,TOTALNINJA.CO.UK,Catering Supplies,Catering Food & Beverages ,04.04.2018,16.05.2018,GPC04180000182,50.00
Stockport MBC,Services to People,Childrens & Educational Services,FONE ZONE 52 NK3 L,Fees and Charges,Financial Services  ,02.04.2018,16.05.2018,GPC04180000183,68.00
Stockport MBC,Services to People,Adult Social Care,AFC BUXTON,Travelling Expenses,Human Resources Travel & Subsistence ,23.04.2018,16.05.2018,GPC04180000184,6.60
Stockport MBC,Services to People,Adult Social Care,STOCKPORT NHS FOUNDATI,Mileage Claims /Allowances,Human Resources Travel & Subsistence ,09.04.2018,16.05.2018,GPC04180000185,3.50
Stockport MBC,Services to People,Adult Social Care,Q PARK PICCADILLY PLAC,Mileage Claims /Allowances,Human Resources Travel & Subsistence ,09.04.2018,16.05.2018,GPC04180000186,13.00
Stockport MBC,Services to People,Adult Social Care,STOCKPORT NHS FOUNDATI,Mileage Claims /Allowances,Human Resources Travel & Subsistence ,04.04.2018,16.05.2018,GPC04180000187,3.50
Stockport MBC,Services to People,Adult Social Care,STOCKPORT NHS FOUNDATI,Mileage Claims /Allowances,Human Resources Travel & Subsistence ,05.04.2018,16.05.2018,GPC04180000188,3.50
Stockport MBC,Services to People,Adult Social Care,BRITANNIA,Care Payments,Social Community Care Supplies & Services  ,27.04.2018,16.05.2018,GPC04180000189,229.00
Stockport MBC,Services to People,Adult Social Care,BRITANNIA,Care Payments,Social Community Care Supplies & Services  ,20.04.2018,16.05.2018,GPC04180000190,264.00
Stockport MBC,Services to People,Adult Social Care,BRITANNIA HOTEL,Care Payments,Social Community Care Supplies & Services  ,12.04.2018,16.05.2018,GPC04180000191,353.00
Stockport MBC,Services to People,Adult Social Care,BRITANNIA HOTEL,Care Payments,Social Community Care Supplies & Services  ,11.04.2018,16.05.2018,GPC04180000192,39.00
Stockport MBC,Corporate and Support Services,Central Support Costs,FACEBK CG2T4GEUH2,Publicity and Promotion,Facilities & Management Services  ,30.04.2018,16.05.2018,GPC04180000193,32.16
Stockport MBC,Corporate and Support Services,Central Support Costs,AMZ AMAZON.CO.UK,Furniture and Equipment,Environmental Services Technical Equipment ,28.04.2018,16.05.2018,GPC04180000194,-39.97
Stockport MBC,Corporate and Support Services,Central Support Costs,GITHUB.COM  AQ5H3,Information and Communications Technology,Information Communication Technology  ,28.04.2018,16.05.2018,GPC04180000195,153.50
Stockport MBC,Corporate and Support Services,Central Support Costs,FASTHOSTS INTERNET,Information and Communications Technology,Information Communication Technology  ,18.04.2018,16.05.2018,GPC04180000196,9.38
Stockport MBC,Corporate and Support Services,Central Support Costs,WWW.CONTENTFUL.COM,Information and Communications Technology,Information Communication Technology  ,11.04.2018,16.05.2018,GPC04180000197,702.05
Stockport MBC,Corporate and Support Services,Central Support Costs,AUTH0.COM,Information and Communications Technology,Information Communication Technology  ,13.04.2018,16.05.2018,GPC04180000198,8.69
Stockport MBC,Corporate and Support Services,Central Support Costs,INVISIONAPP INC,Information and Communications Technology,Information Communication Technology  ,15.04.2018,16.05.2018,GPC04180000199,191.08
Stockport MBC,Corporate and Support Services,Central Support Costs,FACEBK 3CHZ3GJVH2,Publicity and Promotion,Facilities & Management Services  ,11.04.2018,16.05.2018,GPC04180000200,576.91
Stockport MBC,Corporate and Support Services,Central Support Costs,FACEBK 4CHZ3GJVH2,Publicity and Promotion,Facilities & Management Services  ,11.04.2018,16.05.2018,GPC04180000201,23.09
Stockport MBC,Corporate and Support Services,Central Support Costs,AUTH0.COM,Information and Communications Technology,Information Communication Technology  ,05.04.2018,16.05.2018,GPC04180000202,44.23
Stockport MBC,Corporate and Support Services,Central Support Costs,AMAZON MKTPLACE PMTS,Information and Communications Technology,Information Communication Technology  ,03.04.2018,16.05.2018,GPC04180000203,701.47
Stockport MBC,Corporate and Support Services,Cultural & Related Services,FINANCIAL TIMES BU,Library Equipment,Education Library Books ,09.04.2018,16.05.2018,GPC04180000204,155.00
Stockport MBC,Services to People,Childrens & Educational Services,W M MORRISON PLC,Catering Supplies,Catering Food & Beverages ,01.05.2018,16.05.2018,GPC04180000205,1.75
Stockport MBC,Services to People,Childrens & Educational Services,W M MORRISON PLC,Catering Supplies,Catering Food & Beverages ,01.05.2018,16.05.2018,GPC04180000206,72.72
Stockport MBC,Services to People,Childrens & Educational Services,W M MORRISON PLC,Catering Supplies,Catering Food & Beverages ,25.04.2018,16.05.2018,GPC04180000207,14.85
Stockport MBC,Services to People,Childrens & Educational Services,ALDI 2 773,Catering Supplies,Catering Food & Beverages ,24.04.2018,16.05.2018,GPC04180000208,44.59
Stockport MBC,Services to People,Childrens & Educational Services,ALDI 2 773,Catering Supplies,Catering Food & Beverages ,17.04.2018,16.05.2018,GPC04180000209,59.21
Stockport MBC,Services to People,Childrens & Educational Services,AMAZON UK MARKETPLACE,Office Expenses,Stationery    ,02.05.2018,16.05.2018,GPC04180000210,28.47
Stockport MBC,Services to People,Childrens & Educational Services,AMAZON UK MARKETPLACE,Office Expenses,Stationery    ,21.04.2018,16.05.2018,GPC04180000211,10.85
Stockport MBC,Services to People,Childrens & Educational Services,UCLONLINESTORE,Furniture and Equipment,Furniture & Soft Furnishings  ,20.04.2018,16.05.2018,GPC04180000212,30.00
Stockport MBC,Services to People,Childrens & Educational Services,AMAZON UK MARKETPLACE,Office Expenses,Stationery    ,22.04.2018,16.05.2018,GPC04180000213,45.83
Stockport MBC,Services to People,Childrens & Educational Services,AMAZON UK MARKETPLACE,Furniture and Equipment,Furniture & Soft Furnishings  ,20.04.2018,16.05.2018,GPC04180000214,27.42
Stockport MBC,Corporate and Support Services,Cultural & Related Services,GREATER MANCHESTER,Office Expenses,Facilities & Management Services  ,19.04.2018,16.05.2018,GPC04180000215,15.00
Stockport MBC,Services to People,Childrens & Educational Services,AMAZON UK MARKETPLACE,Office Expenses,Stationery    ,24.04.2018,16.05.2018,GPC04180000216,18.73
Stockport MBC,Services to People,Childrens & Educational Services,AMAZON UK MARKETPLACE,Office Expenses,Stationery    ,18.04.2018,16.05.2018,GPC04180000217,56.92
Stockport MBC,Services to People,Childrens & Educational Services,AMAZON EU,Library Equipment,Education Library Books ,05.04.2018,16.05.2018,GPC04180000218,11.99
Stockport MBC,Corporate and Support Services,Central Support Costs,THE REPLACE BASE LTD,Furniture and Equipment,Environmental Services Technical Equipment ,26.04.2018,16.05.2018,GPC04180000219,53.63
Stockport MBC,Corporate and Support Services,Central Support Costs,THE REPLACE BASE LTD,Furniture and Equipment,Environmental Services Technical Equipment ,18.04.2018,16.05.2018,GPC04180000220,129.13
Stockport MBC,Corporate and Support Services,Central Support Costs,THE REPLACE BASE LTD,Furniture and Equipment,Environmental Services Technical Equipment ,17.04.2018,16.05.2018,GPC04180000221,116.63
Stockport MBC,Services to Place,Highways & Transport Services,WWW.HSS.COM,Staff Training,Human Resources  ,30.04.2018,16.05.2018,GPC04180000222,899.66
Stockport MBC,Corporate and Support Services,Central Support Costs,TRAINLINE,Travelling Expenses,Human Resources Travel & Subsistence ,26.04.2018,16.05.2018,GPC04180000223,101.60
Stockport MBC,Corporate and Support Services,Central Support Costs,TRAINLINE,Travelling Expenses,Human Resources Travel & Subsistence ,18.04.2018,16.05.2018,GPC04180000224,34.95
Stockport MBC,Corporate and Support Services,Central Support Costs,HOTEL COLLINGWOOD,Expenses and Allowances,Human Resources Training & Conferences ,11.04.2018,16.05.2018,GPC04180000225,259.80
Stockport MBC,Corporate and Support Services,Cultural & Related Services,TRAINLINE,Travelling Expenses,Human Resources Travel & Subsistence ,04.04.2018,16.05.2018,GPC04180000226,20.45
Stockport MBC,Corporate and Support Services,Central Services to the public,QHOTELS WEBSITE BOOKIN,Expenses and Allowances,Human Resources Training & Conferences ,03.04.2018,16.05.2018,GPC04180000227,163.30
Stockport MBC,Corporate and Support Services,Central Services to the public,007 CARS LTD,Leasing /Transport Hire,Vehicle Management Leasing ,01.05.2018,16.05.2018,GPC04180000228,40.00
Stockport MBC,Corporate and Support Services,Central Services to the public,TRAINLINE,Travelling Expenses,Human Resources Travel & Subsistence ,01.05.2018,16.05.2018,GPC04180000229,59.90
Stockport MBC,Services to Place,Highways & Transport Services,WWW.HSS.COM,Staff Training,Human Resources  ,30.04.2018,16.05.2018,GPC04180000230,599.90
Stockport MBC,Services to Place,Highways & Transport Services,TRAINLINE,Travelling Expenses,Human Resources Travel & Subsistence ,30.04.2018,16.05.2018,GPC04180000231,149.70
Stockport MBC,Services to Place,Cultural & Related Services,TRAINLINE,Travelling Expenses,Human Resources Travel & Subsistence ,24.04.2018,16.05.2018,GPC04180000232,79.20
Stockport MBC,Corporate and Support Services,Central Support Costs,TRAINLINE,Travelling Expenses,Human Resources Travel & Subsistence ,24.04.2018,16.05.2018,GPC04180000233,54.80
Stockport MBC,Corporate and Support Services,Central Support Costs,TRAINLINE,Travelling Expenses,Human Resources Travel & Subsistence ,24.04.2018,16.05.2018,GPC04180000234,262.30
Stockport MBC,Services to Place,Environmental & Regulatory Services,TRAINLINE,Travelling Expenses,Human Resources Travel & Subsistence ,24.04.2018,16.05.2018,GPC04180000235,130.00
Stockport MBC,Corporate and Support Services,Central Services to the public,TRAINLINE,Travelling Expenses,Human Resources Travel & Subsistence ,23.04.2018,16.05.2018,GPC04180000236,60.90
Stockport MBC,Corporate and Support Services,Cultural & Related Services,TRAINLINE,Travelling Expenses,Human Resources Travel & Subsistence ,23.04.2018,16.05.2018,GPC04180000237,7.35
Stockport MBC,Corporate and Support Services,Central Support Costs,TRAINLINE,Travelling Expenses,Human Resources Travel & Subsistence ,20.04.2018,16.05.2018,GPC04180000238,194.20
Stockport MBC,Services to Place,Environmental & Regulatory Services,EB  CARBON LITERACY FO,Expenses and Allowances,Human Resources Training & Conferences ,20.04.2018,16.05.2018,GPC04180000239,149.00
Stockport MBC,Corporate and Support Services,Central Services to the public,HOLIDAY INNS,Expenses and Allowances,Human Resources Training & Conferences ,20.04.2018,16.05.2018,GPC04180000240,55.00
Stockport MBC,Corporate and Support Services,Central Support Costs,TRAINLINE,Travelling Expenses,Human Resources Travel & Subsistence ,16.04.2018,16.05.2018,GPC04180000241,178.10
Stockport MBC,Corporate and Support Services,Cultural & Related Services,TRAINLINE,Travelling Expenses,Human Resources Travel & Subsistence ,16.04.2018,16.05.2018,GPC04180000242,20.45
Stockport MBC,Services to Place,Highways & Transport Services,WWW.TRANSPORTXTRA.COM,Expenses and Allowances,Human Resources Training & Conferences ,10.04.2018,16.05.2018,GPC04180000243,234.00
Stockport MBC,Corporate and Support Services,Central Support Costs,UOM STORE,Staff Training,Human Resources  ,10.04.2018,16.05.2018,GPC04180000244,100.00
Stockport MBC,Services to Place,Environmental & Regulatory Services,TRAINLINE,Travelling Expenses,Human Resources Travel & Subsistence ,03.04.2018,16.05.2018,GPC04180000245,188.50
Stockport MBC,Corporate and Support Services,Corporate & Democratic Core,TRAINLINE,Travelling Expenses,Human Resources Travel & Subsistence ,03.04.2018,16.05.2018,GPC04180000246,8.75
Stockport MBC,Services to People,Adult Social Care,CO-OP GROUP 070285,Catering Supplies,Catering Food & Beverages ,01.05.2018,16.05.2018,GPC04180000247,32.23
Stockport MBC,Services to People,Adult Social Care,CO-OP GROUP 070285,Catering Supplies,Catering Food & Beverages ,26.04.2018,16.05.2018,GPC04180000248,22.52
Stockport MBC,Services to People,Adult Social Care,APPNA CASH & CARRY (MA,Catering Supplies,Catering Food & Beverages ,25.04.2018,16.05.2018,GPC04180000249,22.33
Stockport MBC,Services to People,Adult Social Care,CO-OP GROUP 070285,Catering Supplies,Catering Food & Beverages ,19.04.2018,16.05.2018,GPC04180000250,10.11
Stockport MBC,Services to People,Adult Social Care,CO-OP GROUP 070285,Catering Supplies,Catering Food & Beverages ,17.04.2018,16.05.2018,GPC04180000251,42.93
Stockport MBC,Services to People,Adult Social Care,CO-OP GROUP 070285,Catering Supplies,Catering Food & Beverages ,12.04.2018,16.05.2018,GPC04180000252,7.50
Stockport MBC,Services to People,Adult Social Care,THE CHILDRENS SOCI,Catering Supplies,Catering Food & Beverages ,12.04.2018,16.05.2018,GPC04180000253,4.97
Stockport MBC,Services to People,Adult Social Care,ASDA STORES 4840,Catering Supplies,Catering Food & Beverages ,23.04.2018,16.05.2018,GPC04180000254,17.99
Stockport MBC,Services to People,Adult Social Care,ASDA STORE,Catering Supplies,Catering Food & Beverages ,09.04.2018,16.05.2018,GPC04180000255,12.83
Stockport MBC,Services to People,Adult Social Care,APPNA CASH & CARRY (MA,Catering Supplies,Catering Food & Beverages ,09.04.2018,16.05.2018,GPC04180000256,21.80
Stockport MBC,Services to People,Adult Social Care,ASDA STORES 4840,Catering Supplies,Catering Food & Beverages ,02.04.2018,16.05.2018,GPC04180000257,13.09
