Organisation Name,Department where exp. Incurred,Service Category Label,Supplier (Beneficiary),Purpose of Expenditure,Procurement (Merchant) Category,Purchase Date,Settlement Date,Transaction Number,Net Amount (£),Unnamed: 10,Unnamed: 11
Stockport MBC,Services to People,Central Support Costs,GO METRO SCHUMANN,Travelling Expenses,Human Resources Travel & Subsistence ,28.02.2018,16.03.2018,GPC02180000001,12.77,,
Stockport MBC,Services to People,Central Support Costs,NH BRUSSELS CITY CENTR,Expenses and Allowances,Human Resources Travel & Subsistence ,27.02.2018,16.03.2018,GPC02180000002,10.89,,
Stockport MBC,Services to People,Central Support Costs,L'ATRO MONDO,Expenses and Allowances,Human Resources Travel & Subsistence ,27.02.2018,16.03.2018,GPC02180000003,37.79,,
Stockport MBC,Services to People,Central Support Costs,L'ATRO MONDO,Expenses and Allowances,Human Resources Travel & Subsistence ,26.02.2018,16.03.2018,GPC02180000004,24.07,,
Stockport MBC,Services to People,Central Support Costs,GUIDE BRIDGE SST,Travelling Expenses,Human Resources Travel & Subsistence ,25.02.2018,16.03.2018,GPC02180000005,12.90,,
Stockport MBC,Services to People,Central Support Costs,IL GALLO NERO,Expenses and Allowances,Human Resources Travel & Subsistence ,25.02.2018,16.03.2018,GPC02180000006,21.84,,
Stockport MBC,Services to People,Central Support Costs,SNCB-NMBS INTERNET NA,Travelling Expenses,Human Resources Travel & Subsistence ,23.02.2018,16.03.2018,GPC02180000007,16.38,,
Stockport MBC,Services to People,Central Support Costs,GO SURFACE BRUSSELS A,Travelling Expenses,Human Resources Travel & Subsistence ,25.02.2018,16.03.2018,GPC02180000008,4.10,,
Stockport MBC,Services to People,Central Support Costs,HADFIELD STN TO,Travelling Expenses,Human Resources Travel & Subsistence ,05.02.2018,16.03.2018,GPC02180000009,8.00,,
Stockport MBC,Corporate and Support Services,Central Services to the public,DOUBLETREE,Expenses and Allowances,Human Resources Travel & Subsistence ,23.02.2018,16.03.2018,GPC02180000010,172.90,,
Stockport MBC,Corporate and Support Services,Central Services to the public,DOUBLETREE,Expenses and Allowances,Human Resources Travel & Subsistence ,23.02.2018,16.03.2018,GPC02180000011,172.90,,
Stockport MBC,Corporate and Support Services,Central Support Costs,FACEBK LTXE5FELG2,Publicity and Promotion,Facilities & Management Services  ,28.02.2018,16.03.2018,GPC02180000012,43.25,,
Stockport MBC,Corporate and Support Services,Central Support Costs,FACEBK WLRURE2UU2,Publicity and Promotion,Facilities & Management Services  ,28.02.2018,16.03.2018,GPC02180000013,196.61,,
Stockport MBC,Corporate and Support Services,Central Support Costs,FACEBK YLRURE2UU2,Publicity and Promotion,Facilities & Management Services  ,28.02.2018,16.03.2018,GPC02180000014,6.15,,
Stockport MBC,Corporate and Support Services,Central Support Costs,FACEBK CTXE5FELG2,Publicity and Promotion,Facilities & Management Services  ,28.02.2018,16.03.2018,GPC02180000015,421.72,,
Stockport MBC,Services to People,Childrens & Educational Services,ASDA STORES 4840,Catering Supplies,Catering Food & Beverages ,26.02.2018,16.03.2018,GPC02180000016,49.67,,
Stockport MBC,Services to People,Childrens & Educational Services,ASDA STORES 4840,Catering Supplies,Catering Food & Beverages ,16.02.2018,16.03.2018,GPC02180000017,4.35,,
Stockport MBC,Services to People,Childrens & Educational Services,ASDA STORES 4840,Catering Supplies,Catering Food & Beverages ,15.02.2018,16.03.2018,GPC02180000018,20.79,,
Stockport MBC,Services to People,Childrens & Educational Services,ASDA STORES 4840,Catering Supplies,Catering Food & Beverages ,14.02.2018,16.03.2018,GPC02180000019,12.72,,
Stockport MBC,Services to People,Childrens & Educational Services,ASDA STORES 4840,Catering Supplies,Catering Food & Beverages ,13.02.2018,16.03.2018,GPC02180000020,9.84,,
Stockport MBC,Services to People,Childrens & Educational Services,ASDA STORES 4840,Catering Supplies,Catering Food & Beverages ,12.02.2018,16.03.2018,GPC02180000021,25.77,,
Stockport MBC,Services to People,Childrens & Educational Services,ASDA STORES 4840,Catering Supplies,Catering Food & Beverages ,09.02.2018,16.03.2018,GPC02180000022,7.53,,
Stockport MBC,Services to People,Childrens & Educational Services,WM MORRISONS,Catering Supplies,Catering Food & Beverages ,11.02.2018,16.03.2018,GPC02180000023,3.04,,
Stockport MBC,Services to People,Childrens & Educational Services,ASDA STORES 4840,Catering Supplies,Catering Food & Beverages ,08.02.2018,16.03.2018,GPC02180000024,16.10,,
Stockport MBC,Services to People,Childrens & Educational Services,ASDA STORES 4840,Catering Supplies,Catering Food & Beverages ,07.02.2018,16.03.2018,GPC02180000025,15.29,,
Stockport MBC,Services to People,Childrens & Educational Services,ASDA STORES 4840,Catering Supplies,Catering Food & Beverages ,06.02.2018,16.03.2018,GPC02180000026,5.10,,
Stockport MBC,Services to People,Childrens & Educational Services,ASDA STORES 4840,Catering Supplies,Catering Food & Beverages ,05.02.2018,16.03.2018,GPC02180000027,29.66,,
Stockport MBC,Services to People,Childrens & Educational Services,ASDA STORES 4840,Catering Supplies,Catering Food & Beverages ,02.02.2018,16.03.2018,GPC02180000028,12.92,,
Stockport MBC,Services to People,Childrens & Educational Services,STOCKPORT STN SST,Travelling Expenses,Human Resources Travel & Subsistence ,22.02.2018,16.03.2018,GPC02180000029,2.95,,
Stockport MBC,Services to People,Childrens & Educational Services,Q PARK FIRST STREET A,Travelling Expenses,Human Resources Travel & Subsistence ,02.02.2018,16.03.2018,GPC02180000030,9.80,,
Stockport MBC,Services to People,Childrens & Educational Services,STOCKPORT STN SST,Travelling Expenses,Human Resources Travel & Subsistence ,01.02.2018,16.03.2018,GPC02180000031,3.55,,
Stockport MBC,Services to People,Childrens & Educational Services,WESTMINSTER INSIGHT,Staff Training,Human Resources  ,20.02.2018,16.03.2018,GPC02180000032,285.00,,
Stockport MBC,Services to People,Childrens & Educational Services,EB  THE TDT CAREER PRO,Staff Training,Human Resources  ,09.02.2018,16.03.2018,GPC02180000033,245.00,,
Stockport MBC,Services to People,Childrens & Educational Services,TRAINLINE,Travelling Expenses,Human Resources Travel & Subsistence ,05.02.2018,16.03.2018,GPC02180000034,24.75,,
Stockport MBC,Services to People,Childrens & Educational Services,WWW.BREATHWORKS-MINDFU,Staff Training,Human Resources  ,01.03.2018,16.03.2018,GPC02180000035,360.00,,
Stockport MBC,Services to People,Childrens & Educational Services,CBA PARALLELS,Information and Communications Technology,Information Communication Technology  ,28.02.2018,16.03.2018,GPC02180000036,34.99,,
Stockport MBC,Services to People,Childrens & Educational Services,CMT UK LTD TAXI FARE,Travelling Expenses,Human Resources Travel & Subsistence ,23.02.2018,16.03.2018,GPC02180000037,11.20,,
Stockport MBC,Services to People,Childrens & Educational Services,PREMIER INN44528260,Travelling Expenses,Human Resources Travel & Subsistence ,21.02.2018,16.03.2018,GPC02180000038,268.00,,
Stockport MBC,Services to People,Childrens & Educational Services,TAXI FARE BY VERIFONE,Travelling Expenses,Human Resources Travel & Subsistence ,21.02.2018,16.03.2018,GPC02180000039,22.20,,
Stockport MBC,Services to People,Childrens & Educational Services,TRAINLINE,Travelling Expenses,Human Resources Travel & Subsistence ,20.02.2018,16.03.2018,GPC02180000040,148.40,,
Stockport MBC,Services to People,Childrens & Educational Services,PRINTMYTICKETS.CO.,Printing and Photocopying,Facilities & Management Services Printing ,08.02.2018,16.03.2018,GPC02180000041,87.00,,
Stockport MBC,Services to People,Childrens & Educational Services,FACEBK EHNW4FSSK2,Publicity and Promotion,Facilities & Management Services  ,28.02.2018,16.03.2018,GPC02180000042,103.72,,
Stockport MBC,Services to People,Childrens & Educational Services,GOOGLE  ADWS8179771860,Publicity and Promotion,Facilities & Management Services  ,28.02.2018,16.03.2018,GPC02180000043,500.00,,
Stockport MBC,Services to People,Childrens & Educational Services,TWITTER ONLINE ADS,Publicity and Promotion,Facilities & Management Services  ,23.02.2018,16.03.2018,GPC02180000044,20.00,,
Stockport MBC,Services to People,Childrens & Educational Services,GOOGLE  ADWS8179771860,Publicity and Promotion,Facilities & Management Services  ,21.02.2018,16.03.2018,GPC02180000045,500.00,,
Stockport MBC,Services to People,Childrens & Educational Services,TRAINLINE,Travelling Expenses,Human Resources Travel & Subsistence ,20.02.2018,16.03.2018,GPC02180000046,-10.00,,
Stockport MBC,Services to People,Childrens & Educational Services,TRAINLINE,Travelling Expenses,Human Resources Travel & Subsistence ,20.02.2018,16.03.2018,GPC02180000047,"1,353.50",,
Stockport MBC,Services to People,Childrens & Educational Services,TRAINLINE,Travelling Expenses,Human Resources Travel & Subsistence ,19.02.2018,16.03.2018,GPC02180000048,22.35,,
Stockport MBC,Services to People,Childrens & Educational Services,TWITTER ONLINE ADS,Publicity and Promotion,Facilities & Management Services  ,16.02.2018,16.03.2018,GPC02180000049,24.42,,
Stockport MBC,Services to People,Childrens & Educational Services,TWITTER ONLINE ADS,Publicity and Promotion,Facilities & Management Services  ,09.02.2018,16.03.2018,GPC02180000050,60.00,,
Stockport MBC,Services to People,Childrens & Educational Services,TRAINLINE,Travelling Expenses,Human Resources Travel & Subsistence ,09.02.2018,16.03.2018,GPC02180000051,117.00,,
Stockport MBC,Services to People,Childrens & Educational Services,TRAINLINE,Travelling Expenses,Human Resources Travel & Subsistence ,09.02.2018,16.03.2018,GPC02180000052,13.05,,
Stockport MBC,Services to People,Childrens & Educational Services,GOOGLE  ADWS8179771860,Travelling Expenses,Human Resources Travel & Subsistence ,10.02.2018,16.03.2018,GPC02180000053,500.00,,
Stockport MBC,Services to People,Childrens & Educational Services,TWITTER ONLINE ADS,Travelling Expenses,Human Resources Travel & Subsistence ,02.02.2018,16.03.2018,GPC02180000054,20.00,,
Stockport MBC,Services to People,Childrens & Educational Services,PP METROTAXISL,Travelling Expenses,Human Resources Travel & Subsistence ,28.02.2018,16.03.2018,GPC02180000055,13.70,,
Stockport MBC,Services to People,Childrens & Educational Services,HEATON CHAPEL SST,Travelling Expenses,Human Resources Travel & Subsistence ,27.02.2018,16.03.2018,GPC02180000056,14.70,,
Stockport MBC,Services to People,Childrens & Educational Services,HEATON CHAPEL SST,Travelling Expenses,Human Resources Travel & Subsistence ,21.02.2018,16.03.2018,GPC02180000057,4.10,,
Stockport MBC,Services to People,Childrens & Educational Services,Q PARK PICCADILLY PLAC,Travelling Expenses,Human Resources Travel & Subsistence ,05.02.2018,16.03.2018,GPC02180000058,7.00,,
Stockport MBC,Services to People,Childrens & Educational Services,NCP LIMITED,Travelling Expenses,Human Resources Travel & Subsistence ,02.02.2018,16.03.2018,GPC02180000059,24.00,,
Stockport MBC,Services to People,Childrens & Educational Services,VIRGIN TRAINS,Travelling Expenses,Human Resources Travel & Subsistence ,20.02.2018,16.03.2018,GPC02180000060,202.00,,
Stockport MBC,Services to Place,Central Support Costs,NCP MAN LTD - MJV,Travelling Expenses,Human Resources Travel & Subsistence ,13.02.2018,16.03.2018,GPC02180000061,6.50,,
Stockport MBC,Services to Place,Central Support Costs,WEST COAST TRAINS - EN,Travelling Expenses,Human Resources Travel & Subsistence ,02.02.2018,16.03.2018,GPC02180000062,6.10,,
Stockport MBC,Services to People,Childrens & Educational Services,LIGHT CINEMAS LTD,Fees and Charges,Education  ,12.02.2018,16.03.2018,GPC02180000063,27.80,,
Stockport MBC,Services to People,Childrens & Educational Services,SPEEDWELL CAVERN LTD,Fees and Charges,Education  ,08.02.2018,16.03.2018,GPC02180000064,27.05,,
Stockport MBC,Services to People,Childrens & Educational Services,W M MORRISON PLC,Catering Supplies,Catering Food & Beverages ,08.02.2018,16.03.2018,GPC02180000065,3.55,,
Stockport MBC,Services to People,Childrens & Educational Services,AMAZON UK MARKETPLACE,Furniture and Equipment,Environmental Services Technical Equipment ,07.02.2018,16.03.2018,GPC02180000066,11.98,,
Stockport MBC,Services to People,Childrens & Educational Services,TESCO DIRECT,Catering Supplies,Catering Food & Beverages ,07.02.2018,16.03.2018,GPC02180000067,34.00,,
Stockport MBC,Services to People,Childrens & Educational Services,W M MORRISON PLC,Catering Supplies,Catering Food & Beverages ,06.02.2018,16.03.2018,GPC02180000068,70.02,,
Stockport MBC,Services to People,Childrens & Educational Services,W M MORRISON PLC,Catering Supplies,Catering Food & Beverages ,05.02.2018,16.03.2018,GPC02180000069,14.27,,
Stockport MBC,Services to People,Childrens & Educational Services,TVLICENSING.CO.UK,Fees and Charges,Facilities & Management Services  ,13.02.2018,16.03.2018,GPC02180000070,147.00,,
Stockport MBC,Services to People,Childrens & Educational Services,CINEWORLD MAN AT,Fees and Charges,Education  ,14.02.2018,16.03.2018,GPC02180000071,81.00,,
Stockport MBC,Services to People,Childrens & Educational Services,CINEWORLD MAN CP,Fees and Charges,Education  ,14.02.2018,16.03.2018,GPC02180000072,5.40,,
Stockport MBC,Services to People,Childrens & Educational Services,W M MORRISON PLC,Catering Supplies,Catering Food & Beverages ,14.02.2018,16.03.2018,GPC02180000073,34.18,,
Stockport MBC,Services to People,Childrens & Educational Services,W M MORRISON PLC,Catering Supplies,Catering Food & Beverages ,14.02.2018,16.03.2018,GPC02180000074,1.28,,
Stockport MBC,Services to People,Childrens & Educational Services,W M MORRISON PLC,Catering Supplies,Catering Food & Beverages ,13.02.2018,16.03.2018,GPC02180000075,6.56,,
Stockport MBC,Services to People,Childrens & Educational Services,TERRYS FABRIC WARE,Furniture and Equipment,Environmental Services Technical Equipment ,13.02.2018,16.03.2018,GPC02180000076,10.00,,
Stockport MBC,Corporate and Support Services,Corporate & Democratic Core,WWW.UKWRISTBANDS.COM,Furniture and Equipment,Environmental Services Technical Equipment ,27.02.2018,16.03.2018,GPC02180000077,73.65,,
Stockport MBC,Corporate and Support Services,Corporate & Democratic Core,AMAZON UK MARKETPLACE,Information and Communications Technology,Information Communication Technology  ,14.02.2018,16.03.2018,GPC02180000078,49.95,,
Stockport MBC,Corporate and Support Services,Corporate & Democratic Core,AMAZON UK MARKETPLACE,Information and Communications Technology,Information Communication Technology  ,14.02.2018,16.03.2018,GPC02180000079,11.99,,
Stockport MBC,Corporate and Support Services,Corporate & Democratic Core,WWW.SHAWS.CO.UK,Office Expenses,Stationery    ,09.02.2018,16.03.2018,GPC02180000080,83.25,,
Stockport MBC,Corporate and Support Services,Central Support Costs,STOCKPORT M B C,Legal Fees,Legal Services  ,27.02.2018,16.03.2018,GPC02180000081,10.00,,
Stockport MBC,Corporate and Support Services,Central Support Costs,CHARTERED INST OF LEGA,Fees and Charges,Financial Services  ,26.02.2018,16.03.2018,GPC02180000082,364.00,,
Stockport MBC,Corporate and Support Services,Corporate & Democratic Core,WWW.PMGLTD.CO.UK,Staff Training,Human Resources  ,16.02.2018,16.03.2018,GPC02180000083,912.00,,
Stockport MBC,Corporate and Support Services,Central Support Costs,MANCHESTER LAW SOCIETY,Staff Training,Human Resources  ,05.02.2018,16.03.2018,GPC02180000084,108.00,,
Stockport MBC,Corporate and Support Services,Central Support Costs,BLOOMSBURY PUBLISH,Library Equipment,Education Library Books ,05.02.2018,16.03.2018,GPC02180000085,122.95,,
Stockport MBC,Corporate and Support Services,Central Services to the public,AMAZON EU AMAZON.CO.UK,Third party payments - Public Sector,Financial Services Subscriptions ,19.02.2018,16.03.2018,GPC02180000086,19.99,,
Stockport MBC,Services to People,Public Health,FTPE WEBTIS 1,Travelling Expenses,Human Resources Travel & Subsistence ,22.02.2018,16.03.2018,GPC02180000087,23.40,,
Stockport MBC,Services to People,Public Health,FTPE WEBTIS 1,Travelling Expenses,Human Resources Travel & Subsistence ,21.02.2018,16.03.2018,GPC02180000088,23.40,,
Stockport MBC,Services to People,Public Health,WWW.THE-BEADSHOP.UK,Office Expenses,Stationery    ,15.02.2018,16.03.2018,GPC02180000089,-10.72,,
Stockport MBC,Services to People,Public Health,WWW.THE-BEADSHOP.UK,Office Expenses,Stationery    ,12.02.2018,16.03.2018,GPC02180000090,189.02,,
Stockport MBC,Services to People,Childrens & Educational Services,BOOKERECOMM,Catering Supplies,Catering Food & Beverages ,10.02.2018,16.03.2018,GPC02180000091,3.39,,
Stockport MBC,Services to People,Childrens & Educational Services,W M MORRISON PLC,Catering Supplies,Catering Food & Beverages ,01.03.2018,16.03.2018,GPC02180000092,39.42,,
Stockport MBC,Services to People,Childrens & Educational Services,W M MORRISON PLC,Catering Supplies,Catering Food & Beverages ,16.02.2018,16.03.2018,GPC02180000093,60.73,,
Stockport MBC,Services to People,Childrens & Educational Services,OSCARS CHEADLE HULME,Furniture and Equipment,Environmental Services Technical Equipment ,14.02.2018,16.03.2018,GPC02180000094,18.99,,
Stockport MBC,Services to People,Childrens & Educational Services,W M MORRISON PLC,Catering Supplies,Catering Food & Beverages ,12.02.2018,16.03.2018,GPC02180000095,11.17,,
Stockport MBC,Services to People,Childrens & Educational Services,FP LTD,Office Expenses,Mail Services   ,14.02.2018,16.03.2018,GPC02180000096,249.00,,
Stockport MBC,Services to People,Childrens & Educational Services,FRANCOTYP,Office Expenses,Mail Services   ,13.02.2018,16.03.2018,GPC02180000097,120.00,,
Stockport MBC,Services to People,Childrens & Educational Services,POST OFFICE COUNTER,Office Expenses,Mail Services   ,13.02.2018,16.03.2018,GPC02180000098,10.72,,
Stockport MBC,Services to People,Childrens & Educational Services,WWW.CHEADLESKIPS.COM,Furniture and Equipment,Environmental Services Technical Equipment ,12.02.2018,16.03.2018,GPC02180000099,150.00,,
Stockport MBC,Services to People,Childrens & Educational Services,CURRYS ONLINE,Furniture and Equipment,Environmental Services Technical Equipment ,09.02.2018,16.03.2018,GPC02180000100,341.66,,
Stockport MBC,Services to People,Childrens & Educational Services,AMAZON SVCS EU-UK AMAZ,Furniture and Equipment,Environmental Services Technical Equipment ,08.02.2018,16.03.2018,GPC02180000101,2.36,,
Stockport MBC,Services to People,Childrens & Educational Services,AMAZON EU AMAZON.CO.UK,Library Equipment,Education Library Books ,20.02.2018,16.03.2018,GPC02180000102,19.59,,
Stockport MBC,Services to People,Childrens & Educational Services,AMAZON SVCS EU-UK AMAZ,Furniture and Equipment,Furniture & Soft Furnishings  ,19.02.2018,16.03.2018,GPC02180000103,1.89,,
Stockport MBC,Services to People,Childrens & Educational Services,AMAZON SVCS EU-UK AMAZ,Furniture and Equipment,Furniture & Soft Furnishings  ,19.02.2018,16.03.2018,GPC02180000104,5.92,,
Stockport MBC,Services to People,Childrens & Educational Services,AMAZON SVCS EU-UK AMAZ,Furniture and Equipment,Furniture & Soft Furnishings  ,17.02.2018,16.03.2018,GPC02180000105,3.69,,
Stockport MBC,Services to People,Childrens & Educational Services,AMAZON SVCS EU-UK AMAZ,Furniture and Equipment,Furniture & Soft Furnishings  ,16.02.2018,16.03.2018,GPC02180000106,2.99,,
Stockport MBC,Services to People,Childrens & Educational Services,AMAZON SVCS EU-UK AMAZ,Furniture and Equipment,Furniture & Soft Furnishings  ,16.02.2018,16.03.2018,GPC02180000107,1.50,,
Stockport MBC,Services to People,Childrens & Educational Services,AMAZON SVCS EU-UK AMAZ,Furniture and Equipment,Furniture & Soft Furnishings  ,16.02.2018,16.03.2018,GPC02180000108,2.25,,
Stockport MBC,Services to People,Childrens & Educational Services,AMAZON EU,Library Equipment,Education Library Books ,13.02.2018,16.03.2018,GPC02180000109,12.98,,
Stockport MBC,Services to People,Childrens & Educational Services,AMAZON SVCS EU-UK AMAZ,Furniture and Equipment,Furniture & Soft Furnishings  ,13.02.2018,16.03.2018,GPC02180000110,13.95,,
Stockport MBC,Services to People,Childrens & Educational Services,AMAZON EU AMAZON.CO.UK,Library Equipment,Education Library Books ,12.02.2018,16.03.2018,GPC02180000111,14.97,,
Stockport MBC,Services to People,Childrens & Educational Services,MAGSUBCRIPTIONS COM,Library Equipment,Education Library Books ,12.02.2018,16.03.2018,GPC02180000112,119.00,,
Stockport MBC,Services to People,Childrens & Educational Services,AMAZON EU AMAZON.CO.UK,Library Equipment,Education Library Books ,10.02.2018,16.03.2018,GPC02180000113,4.99,,
Stockport MBC,Services to People,Childrens & Educational Services,AMAZON EU AMAZON.CO.UK,Library Equipment,Education Library Books ,08.02.2018,16.03.2018,GPC02180000114,27.94,,
Stockport MBC,Services to People,Childrens & Educational Services,CURRYS ONLINE,Furniture and Equipment,Environmental Services Technical Equipment ,09.02.2018,16.03.2018,GPC02180000115,-409.99,,
Stockport MBC,Services to People,Childrens & Educational Services,WWW.MUDDYFACES.CO.UK,Furniture and Equipment,Environmental Services Technical Equipment ,13.02.2018,16.03.2018,GPC02180000116,75.42,,
Stockport MBC,Services to People,Childrens & Educational Services,CURRYS ONLINE,Furniture and Equipment,Environmental Services Technical Equipment ,09.02.2018,16.03.2018,GPC02180000117,341.66,,
Stockport MBC,Services to People,Childrens & Educational Services,CURRYS ONLINE,Furniture and Equipment,Environmental Services Technical Equipment ,09.02.2018,16.03.2018,GPC02180000118,341.66,,
Stockport MBC,Services to People,Childrens & Educational Services,WWW.KINGSMAID.CO.UK,Furniture and Equipment,Environmental Services Technical Equipment ,08.02.2018,16.03.2018,GPC02180000119,76.69,,
Stockport MBC,Services to People,Public Health,LOVE2SHOP.CO.UK,Publicity and Promotion,Facilities & Management Services  ,19.02.2018,16.03.2018,GPC02180000120,254.25,,
Stockport MBC,Services to People,Childrens & Educational Services,TRAINLINE,Travelling Expenses,Human Resources Travel & Subsistence ,21.02.2018,16.03.2018,GPC02180000121,39.90,,
Stockport MBC,Services to People,Childrens & Educational Services,TRAINLINE,Travelling Expenses,Human Resources Travel & Subsistence ,20.02.2018,16.03.2018,GPC02180000122,27.25,,
Stockport MBC,Services to People,Childrens & Educational Services,AMAZON EU AMAZON.CO.UK,Library Equipment,Education Library Books ,15.02.2018,16.03.2018,GPC02180000123,24.84,,
Stockport MBC,Services to People,Childrens & Educational Services,TRAINLINE,Travelling Expenses,Human Resources Travel & Subsistence ,15.02.2018,16.03.2018,GPC02180000124,375.50,,
Stockport MBC,Services to People,Childrens & Educational Services,TRAINLINE,Travelling Expenses,Human Resources Travel & Subsistence ,14.02.2018,16.03.2018,GPC02180000125,113.10,,
Stockport MBC,Services to People,Childrens & Educational Services,WWW.COVENTRY.GOV.UK,Care Payments,Social Community Care Supplies & Services  ,13.02.2018,16.03.2018,GPC02180000126,10.00,,
Stockport MBC,Services to People,Childrens & Educational Services,WWW.COVENTRY.GOV.UK,Care Payments,Social Community Care Supplies & Services  ,13.02.2018,16.03.2018,GPC02180000127,11.50,,
Stockport MBC,Services to People,Childrens & Educational Services,TRAINLINE,Care Payments,Social Community Care Supplies & Services  ,12.02.2018,16.03.2018,GPC02180000128,119.90,,
Stockport MBC,Services to People,Childrens & Educational Services,TRAINLINE,Travelling Expenses,Human Resources Travel & Subsistence ,12.02.2018,16.03.2018,GPC02180000129,18.35,,
Stockport MBC,Services to People,Childrens & Educational Services,BRITANNIA HOTEL,Care Payments,Social Community Care Supplies & Services  ,09.02.2018,16.03.2018,GPC02180000130,-151.00,,
Stockport MBC,Services to People,Childrens & Educational Services,PREMIER INN44016875,Staff Training,Human Resources  ,08.02.2018,16.03.2018,GPC02180000131,90.99,,
Stockport MBC,Services to People,Childrens & Educational Services,FLYBE.COM DTQEVC       0,Care Payments,Social Community Care Supplies & Services  ,09.02.2018,16.03.2018,GPC02180000132,289.98,,
Stockport MBC,Services to People,Childrens & Educational Services,BRITANNIA,Care Payments,Social Community Care Supplies & Services  ,09.02.2018,16.03.2018,GPC02180000133,151.00,,
Stockport MBC,Services to People,Childrens & Educational Services,WWW.STOCKPORT.GOV.UK,Care Payments,Social Community Care Supplies & Services  ,08.02.2018,16.03.2018,GPC02180000134,30.00,,
Stockport MBC,Services to People,Childrens & Educational Services,TRAINLINE,Staff Training,Human Resources  ,08.02.2018,16.03.2018,GPC02180000135,"1,026.50",,
Stockport MBC,Services to People,Childrens & Educational Services,TRAINLINE,Travelling Expenses,Human Resources Travel & Subsistence ,08.02.2018,16.03.2018,GPC02180000136,106.70,,
Stockport MBC,Services to People,Childrens & Educational Services,FLYBEDL86 DL86ZV,Care Payments,Social Community Care Supplies & Services  ,08.02.2018,16.03.2018,GPC02180000137,175.98,,
Stockport MBC,Services to People,Childrens & Educational Services,FLYBE.COM DLNMYE       0,Care Payments,Social Community Care Supplies & Services  ,08.02.2018,16.03.2018,GPC02180000138,129.99,,
Stockport MBC,Services to People,Childrens & Educational Services,FLYBE.COM DLLNKY       0,Care Payments,Social Community Care Supplies & Services  ,08.02.2018,16.03.2018,GPC02180000139,283.98,,
Stockport MBC,Services to People,Childrens & Educational Services,FLYBE.COM DLL45D       0,Care Payments,Social Community Care Supplies & Services  ,08.02.2018,16.03.2018,GPC02180000140,75.99,,
Stockport MBC,Services to People,Childrens & Educational Services,WWW.MANCHESTER.GOV.UK,Care Payments,Social Community Care Supplies & Services  ,07.02.2018,16.03.2018,GPC02180000141,85.50,,
Stockport MBC,Services to People,Childrens & Educational Services,BRITANNIA,Care Payments,Social Community Care Supplies & Services  ,07.02.2018,16.03.2018,GPC02180000142,67.50,,
Stockport MBC,Services to People,Childrens & Educational Services,IPS LIVERPOOL CONTACT,Care Payments,Social Community Care Supplies & Services  ,07.02.2018,16.03.2018,GPC02180000143,46.00,,
Stockport MBC,Services to People,Childrens & Educational Services,PAYPAL  FREETESTCOM,Library Equipment,Education Library Books ,05.02.2018,16.03.2018,GPC02180000144,15.00,,
Stockport MBC,Services to People,Childrens & Educational Services,EB  ISLAM CULTURE AMP,Information and Communications Technology,Information Communication Technology  ,02.02.2018,16.03.2018,GPC02180000145,196.58,,
Stockport MBC,Services to People,Childrens & Educational Services,AVIS RENT-A-CAR,Leasing /Transport Hire,Vehicle Management Leasing ,02.02.2018,16.03.2018,GPC02180000146,55.70,,
Stockport MBC,Services to People,Childrens & Educational Services,GRO HM PASSPORT OFFICE,Care Payments,Social Community Care Supplies & Services  ,12.01.2018,16.03.2018,GPC02180000147,-27.75,,
Stockport MBC,Services to People,Adult Social Care,HMCOURTS-SERVICE.G,Legal Fees,Legal Services  ,22.02.2018,16.03.2018,GPC02180000148,75.00,,
Stockport MBC,Services to People,Adult Social Care,HMCOURTS-SERVICE.G,Legal Fees,Legal Services  ,22.02.2018,16.03.2018,GPC02180000149,75.00,,
Stockport MBC,Services to People,Adult Social Care,HMCOURTS-SERVICE.G,Legal Fees,Legal Services  ,19.02.2018,16.03.2018,GPC02180000150,75.00,,
Stockport MBC,Services to People,Adult Social Care,HMCOURTS-SERVICE.G,Legal Fees,Legal Services  ,14.02.2018,16.03.2018,GPC02180000151,75.00,,
Stockport MBC,Services to People,Childrens & Educational Services,ASDA STORES 4840,Catering Supplies,Catering Food & Beverages ,26.02.2018,16.03.2018,GPC02180000152,57.37,,
Stockport MBC,Services to People,Childrens & Educational Services,ASDA HOME SHOPPING,Cleaning,Cleaning & Janitorial  ,14.02.2018,16.03.2018,GPC02180000153,69.02,,
Stockport MBC,Services to People,Childrens & Educational Services,POUNDSTRETCHER 793,Catering Supplies,Catering Food & Beverages ,14.02.2018,16.03.2018,GPC02180000154,12.94,,
Stockport MBC,Services to People,Childrens & Educational Services,ASDA STORES 4840,Catering Supplies,Catering Food & Beverages ,12.02.2018,16.03.2018,GPC02180000155,28.38,,
Stockport MBC,Services to People,Childrens & Educational Services,ASDA STORES 4840,Catering Supplies,Catering Food & Beverages ,05.02.2018,16.03.2018,GPC02180000156,46.85,,
Stockport MBC,Services to People,Childrens & Educational Services,TRAINLINE,Staff Training,Human Resources  ,28.02.2018,16.03.2018,GPC02180000157,469.50,,
Stockport MBC,Services to People,Childrens & Educational Services,I W SUPPLIES,Furniture and Equipment,Furniture & Soft Furnishings  ,14.02.2018,16.03.2018,GPC02180000158,80.00,,
Stockport MBC,Services to People,Childrens & Educational Services,HOMEBASE LTD,Furniture and Equipment,Furniture & Soft Furnishings  ,14.02.2018,16.03.2018,GPC02180000159,132.89,,
Stockport MBC,Services to People,Childrens & Educational Services,WWW.CREDIT.TRADE.C,Furniture and Equipment,Furniture & Soft Furnishings  ,13.02.2018,16.03.2018,GPC02180000160,165.98,,
Stockport MBC,Services to People,Childrens & Educational Services,WEST COAST TRAINS,Leasing /Transport Hire,Vehicle Management Leasing ,09.02.2018,16.03.2018,GPC02180000161,5.25,,
Stockport MBC,Services to People,Childrens & Educational Services,POYNTON STN TO,Leasing /Transport Hire,Vehicle Management Leasing ,08.02.2018,16.03.2018,GPC02180000162,5.25,,
Stockport MBC,Services to Place,Housing (General Fund) Services,CIEH,Staff Training,Human Resources  ,13.02.2018,16.03.2018,GPC02180000163,378.00,,
Stockport MBC,Services to People,Childrens & Educational Services,TRAINLINE,Travelling Expenses,Human Resources Travel & Subsistence ,26.02.2018,16.03.2018,GPC02180000164,170.70,,
Stockport MBC,Services to People,Childrens & Educational Services,TRAINLINE,Travelling Expenses,Human Resources Travel & Subsistence ,09.02.2018,16.03.2018,GPC02180000165,83.80,,
Stockport MBC,Services to People,Childrens & Educational Services,FLYBE.COM AVW3N6       0,Travelling Expenses,Human Resources Travel & Subsistence ,01.03.2018,16.03.2018,GPC02180000166,132.99,,
Stockport MBC,Services to People,Childrens & Educational Services,WWW.STOCKPORT.GOV.UK,Care Payments,Social Community Care Supplies & Services  ,01.03.2018,16.03.2018,GPC02180000167,10.00,,
Stockport MBC,Services to People,Childrens & Educational Services,LANCASHIRE CC WEBSITE,Care Payments,Social Community Care Supplies & Services  ,26.02.2018,16.03.2018,GPC02180000168,-20.00,,
Stockport MBC,Services to People,Childrens & Educational Services,LANCASHIRE CC WEBSITE,Care Payments,Social Community Care Supplies & Services  ,26.02.2018,16.03.2018,GPC02180000169,20.00,,
Stockport MBC,Services to People,Childrens & Educational Services,TRAINLINE,Travelling Expenses,Human Resources Travel & Subsistence ,23.02.2018,16.03.2018,GPC02180000170,50.00,,
Stockport MBC,Services to People,Childrens & Educational Services,PREMIER INN 44537000,Staff Training,Human Resources  ,22.02.2018,16.03.2018,GPC02180000171,303.96,,
Stockport MBC,Services to People,Childrens & Educational Services,TRAINLINE,Staff Training,Human Resources  ,23.02.2018,16.03.2018,GPC02180000172,313.50,,
Stockport MBC,Services to People,Childrens & Educational Services,HM PASSPORT OFFICE,Care Payments,Social Community Care Supplies & Services  ,22.02.2018,16.03.2018,GPC02180000173,46.00,,
Stockport MBC,Services to People,Childrens & Educational Services,TRAINLINE,Travelling Expenses,Human Resources Travel & Subsistence ,21.02.2018,16.03.2018,GPC02180000174,214.50,,
Stockport MBC,Services to People,Childrens & Educational Services,TRAINLINE,Staff Training,Human Resources  ,20.02.2018,16.03.2018,GPC02180000175,46.30,,
Stockport MBC,Services to People,Childrens & Educational Services,TRAINLINE,Care Payments,Social Community Care Supplies & Services  ,20.02.2018,16.03.2018,GPC02180000176,22.75,,
Stockport MBC,Services to People,Childrens & Educational Services,FLYBEFSNV FSNVL9,Care Payments,Social Community Care Supplies & Services  ,20.02.2018,16.03.2018,GPC02180000177,255.99,,
Stockport MBC,Services to People,Childrens & Educational Services,FLYBEFSP9 FSP98P,Care Payments,Social Community Care Supplies & Services  ,20.02.2018,16.03.2018,GPC02180000178,165.98,,
Stockport MBC,Services to People,Childrens & Educational Services,FLYBEFSR7 FSR7KN,Care Payments,Social Community Care Supplies & Services  ,20.02.2018,16.03.2018,GPC02180000179,82.99,,
Stockport MBC,Services to People,Childrens & Educational Services,FLYBEFSP9 FSP98P,Travelling Expenses,Human Resources Travel & Subsistence ,20.02.2018,16.03.2018,GPC02180000180,165.98,,
Stockport MBC,Services to People,Childrens & Educational Services,TRAVELODGE GB0000,Care Payments,Social Community Care Supplies & Services  ,20.02.2018,16.03.2018,GPC02180000181,57.25,,
Stockport MBC,Services to People,Childrens & Educational Services,FLYBEE2XR E2XRL5,Care Payments,Social Community Care Supplies & Services  ,16.02.2018,16.03.2018,GPC02180000182,289.98,,
Stockport MBC,Services to People,Childrens & Educational Services,TRAINLINE,Travelling Expenses,Human Resources Travel & Subsistence ,15.02.2018,16.03.2018,GPC02180000183,291.50,,
Stockport MBC,Services to People,Childrens & Educational Services,EB  CONFERENCE-YORKSHI,Staff Training,Human Resources  ,15.02.2018,16.03.2018,GPC02180000184,55.20,,
Stockport MBC,Services to People,Childrens & Educational Services,JASON SQUIRES ONLINE,Staff Training,Human Resources  ,15.02.2018,16.03.2018,GPC02180000185,19.20,,
Stockport MBC,Services to People,Childrens & Educational Services,TRAINLINE,Care Payments,Social Community Care Supplies & Services  ,02.02.2018,16.03.2018,GPC02180000186,12.95,,
Stockport MBC,Services to People,Childrens & Educational Services,FLYBE.COM CJQ06C       0,Care Payments,Social Community Care Supplies & Services  ,02.02.2018,16.03.2018,GPC02180000187,317.99,,
Stockport MBC,Services to People,Childrens & Educational Services,ASDA HOME SHOPPING,Catering Supplies,Catering Food & Beverages ,26.02.2018,16.03.2018,GPC02180000188,-0.50,,
Stockport MBC,Services to People,Childrens & Educational Services,ASDA HOME SHOPPING,Catering Supplies,Catering Food & Beverages ,26.02.2018,16.03.2018,GPC02180000189,47.62,,
Stockport MBC,Services to People,Childrens & Educational Services,W M MORRISONS.COM,Catering Supplies,Catering Food & Beverages ,26.02.2018,16.03.2018,GPC02180000190,54.67,,
Stockport MBC,Services to People,Childrens & Educational Services,TESCO STORES 3378,Catering Supplies,Catering Food & Beverages ,16.02.2018,16.03.2018,GPC02180000191,8.35,,
Stockport MBC,Services to People,Childrens & Educational Services,LIDL UK,Catering Supplies,Catering Food & Beverages ,14.02.2018,16.03.2018,GPC02180000192,5.31,,
Stockport MBC,Services to People,Childrens & Educational Services,SAINSBURYS 2051,Catering Supplies,Catering Food & Beverages ,13.02.2018,16.03.2018,GPC02180000193,14.05,,
Stockport MBC,Services to People,Childrens & Educational Services,W M MORRISONS.COM,Catering Supplies,Catering Food & Beverages ,12.02.2018,16.03.2018,GPC02180000194,46.70,,
Stockport MBC,Services to People,Childrens & Educational Services,ASDA HOME SHOPPING,Catering Supplies,Catering Food & Beverages ,12.02.2018,16.03.2018,GPC02180000195,60.62,,
Stockport MBC,Services to People,Childrens & Educational Services,W M MORRISONS.COM,Catering Supplies,Catering Food & Beverages ,05.02.2018,16.03.2018,GPC02180000196,79.37,,
Stockport MBC,Services to People,Childrens & Educational Services,ASDA HOME SHOPPING,Catering Supplies,Catering Food & Beverages ,05.02.2018,16.03.2018,GPC02180000197,70.71,,
Stockport MBC,Services to People,Childrens & Educational Services,WWW.ICELAND.CO.UK,Catering Supplies,Catering Food & Beverages ,01.03.2018,16.03.2018,GPC02180000198,107.06,,
Stockport MBC,Services to People,Childrens & Educational Services,ARGOS RETAIL GROUP,Furniture and Equipment,Environmental Services Technical Equipment ,01.03.2018,16.03.2018,GPC02180000199,39.98,,
Stockport MBC,Services to People,Childrens & Educational Services,MEDISUPPLIES LTD,Furniture and Equipment,Environmental Services Technical Equipment ,28.02.2018,16.03.2018,GPC02180000200,21.63,,
Stockport MBC,Services to People,Childrens & Educational Services,AMAZON DIGITAL SVCS,Publicity and Promotion,Arts & Leisure Services  ,28.02.2018,16.03.2018,GPC02180000201,3.99,,
Stockport MBC,Services to People,Childrens & Educational Services,WWW.TALKTALKBUSINESS.C,Information and Communications Technology,Information Communication Technology  ,27.02.2018,16.03.2018,GPC02180000202,20.00,,
Stockport MBC,Services to People,Childrens & Educational Services,TESCO STORES 5128,Catering Supplies,Catering Food & Beverages ,26.02.2018,16.03.2018,GPC02180000203,116.75,,
Stockport MBC,Services to People,Childrens & Educational Services,AMAZON UK MARKETPLACE,Furniture and Equipment,Environmental Services Technical Equipment ,26.02.2018,16.03.2018,GPC02180000204,12.99,,
Stockport MBC,Services to People,Childrens & Educational Services,AMAZON UK MARKETPLACE,Furniture and Equipment,Environmental Services Technical Equipment ,25.02.2018,16.03.2018,GPC02180000205,9.35,,
Stockport MBC,Services to People,Childrens & Educational Services,TESCO STORES 3378,Catering Supplies,Catering Food & Beverages ,25.02.2018,16.03.2018,GPC02180000206,115.09,,
Stockport MBC,Services to People,Childrens & Educational Services,B & Q 1279,Grounds Maintenance,Horticultural  ,25.02.2018,16.03.2018,GPC02180000207,60.00,,
Stockport MBC,Services to People,Childrens & Educational Services,NETFLIX.COM,Information and Communications Technology,Information Communication Technology  ,26.02.2018,16.03.2018,GPC02180000208,9.99,,
Stockport MBC,Services to People,Childrens & Educational Services,AMAZON UK MARKETPLACE,Furniture and Equipment,Environmental Services Technical Equipment ,25.02.2018,16.03.2018,GPC02180000209,33.31,,
Stockport MBC,Services to People,Childrens & Educational Services,AMAZON UK MARKETPLACE,Furniture and Equipment,Environmental Services Technical Equipment ,25.02.2018,16.03.2018,GPC02180000210,15.58,,
Stockport MBC,Services to People,Childrens & Educational Services,WWW.SANDCASTLE-WATERPA,Publicity and Promotion,Arts & Leisure Services  ,22.02.2018,16.03.2018,GPC02180000211,75.00,,
Stockport MBC,Services to People,Childrens & Educational Services,WWW.BLUEPLANETAQUARIUM,Publicity and Promotion,Arts & Leisure Services  ,22.02.2018,16.03.2018,GPC02180000212,69.34,,
Stockport MBC,Services to People,Childrens & Educational Services,WWW.PRINTERLAND.CO,Office Expenses,Stationery    ,20.02.2018,16.03.2018,GPC02180000213,308.04,,
Stockport MBC,Services to People,Childrens & Educational Services,WWW.PRINTERLAND.CO,Office Expenses,Stationery    ,21.02.2018,16.03.2018,GPC02180000214,79.48,,
Stockport MBC,Services to People,Childrens & Educational Services,TESCO STORES 5128,Catering Supplies,Catering Food & Beverages ,19.02.2018,16.03.2018,GPC02180000215,203.65,,
Stockport MBC,Services to People,Childrens & Educational Services,TALK TALK BUSINESS,Office Expenses,Stationery    ,20.02.2018,16.03.2018,GPC02180000216,58.14,,
Stockport MBC,Services to People,Childrens & Educational Services,WWW.CATERING-APPLIANCE,Furniture and Equipment,Environmental Services Technical Equipment ,20.02.2018,16.03.2018,GPC02180000217,39.41,,
Stockport MBC,Services to People,Childrens & Educational Services,WWW.ZORO.CO.UK,Furniture and Equipment,Environmental Services Technical Equipment ,20.02.2018,16.03.2018,GPC02180000218,19.07,,
Stockport MBC,Services to People,Childrens & Educational Services,B&M RETAIL,Furniture and Equipment,Furniture & Soft Furnishings  ,19.02.2018,16.03.2018,GPC02180000219,234.43,,
Stockport MBC,Services to People,Childrens & Educational Services,TALK TALK BUSINESS,Information and Communications Technology,Information Communication Technology  ,20.02.2018,16.03.2018,GPC02180000220,58.14,,
Stockport MBC,Services to People,Childrens & Educational Services,AMAZON SVCS EU-UK AMAZ,Furniture and Equipment,Furniture & Soft Furnishings  ,19.02.2018,16.03.2018,GPC02180000221,13.84,,
Stockport MBC,Services to People,Childrens & Educational Services,TESCO STORES 3378,Catering Supplies,Catering Food & Beverages ,19.02.2018,16.03.2018,GPC02180000222,58.71,,
Stockport MBC,Services to People,Childrens & Educational Services,TESCO STORES 3378,Catering Supplies,Catering Food & Beverages ,17.02.2018,16.03.2018,GPC02180000223,168.79,,
Stockport MBC,Services to People,Childrens & Educational Services,HARRY RAMSDENS LTD-BLA,Publicity and Promotion,Arts & Leisure Services  ,19.02.2018,16.03.2018,GPC02180000224,38.03,,
Stockport MBC,Services to People,Childrens & Educational Services,WWW.BEACHHOUSEAGENCY.C,Library Equipment,Education Library Books ,16.02.2018,16.03.2018,GPC02180000225,27.20,,
Stockport MBC,Services to People,Childrens & Educational Services,AMAZON EU AMAZON.CO.UK,Furniture and Equipment,Environmental Services Technical Equipment ,16.02.2018,16.03.2018,GPC02180000226,31.96,,
Stockport MBC,Services to People,Childrens & Educational Services,AMAZON DIGITAL VIDEO,Care Payments,Social Community Care Supplies & Services  ,18.02.2018,16.03.2018,GPC02180000227,2.49,,
Stockport MBC,Services to People,Childrens & Educational Services,AMAZON DIGITAL VIDEO,Care Payments,Social Community Care Supplies & Services  ,18.02.2018,16.03.2018,GPC02180000228,3.49,,
Stockport MBC,Services to People,Childrens & Educational Services,AMAZON DIGITAL VIDEO,Care Payments,Social Community Care Supplies & Services  ,18.02.2018,16.03.2018,GPC02180000229,3.49,,
Stockport MBC,Services to People,Childrens & Educational Services,AMAZON DIGITAL VIDEO,Care Payments,Social Community Care Supplies & Services  ,18.02.2018,16.03.2018,GPC02180000230,2.49,,
Stockport MBC,Services to People,Childrens & Educational Services,AMAZON SVCS EU-UK AMAZ,Furniture and Equipment,Furniture & Soft Furnishings  ,15.02.2018,16.03.2018,GPC02180000231,38.98,,
Stockport MBC,Services to People,Childrens & Educational Services,AMAZON SVCS EU-UK AMAZ,Furniture and Equipment,Environmental Services Technical Equipment ,15.02.2018,16.03.2018,GPC02180000232,61.98,,
Stockport MBC,Services to People,Childrens & Educational Services,AMAZON SVCS EU-UK AMAZ,Furniture and Equipment,Furniture & Soft Furnishings  ,13.02.2018,16.03.2018,GPC02180000233,116.97,,
Stockport MBC,Services to People,Childrens & Educational Services,B & Q 1279,Furniture and Equipment,Furniture & Soft Furnishings  ,13.02.2018,16.03.2018,GPC02180000234,53.87,,
Stockport MBC,Services to People,Childrens & Educational Services,B & Q 1162,Furniture and Equipment,Environmental Services Technical Equipment ,12.02.2018,16.03.2018,GPC02180000235,207.00,,
Stockport MBC,Services to People,Childrens & Educational Services,WWW.GROUPON.CO.UK,Publicity and Promotion,Arts & Leisure Services  ,09.02.2018,16.03.2018,GPC02180000236,91.00,,
Stockport MBC,Services to People,Childrens & Educational Services,WWW.GROUPON.CO.UK,Publicity and Promotion,Arts & Leisure Services  ,09.02.2018,16.03.2018,GPC02180000237,49.00,,
Stockport MBC,Services to People,Childrens & Educational Services,KICK AIR MANCHESTER,Publicity and Promotion,Arts & Leisure Services  ,09.02.2018,16.03.2018,GPC02180000238,50.00,,
Stockport MBC,Services to People,Childrens & Educational Services,WAYFAIR STORES LIM,Furniture and Equipment,Furniture & Soft Furnishings  ,11.02.2018,16.03.2018,GPC02180000239,144.97,,
Stockport MBC,Services to People,Childrens & Educational Services,TESCO STORES 3378,Catering Supplies,Catering Food & Beverages ,11.02.2018,16.03.2018,GPC02180000240,244.34,,
Stockport MBC,Services to People,Childrens & Educational Services,CURRYS ONLINE,Office Expenses,Stationery    ,11.02.2018,16.03.2018,GPC02180000241,206.99,,
Stockport MBC,Services to People,Childrens & Educational Services,PARENTPAY E-COM R,Catering Supplies,Catering Food & Beverages ,08.02.2018,16.03.2018,GPC02180000242,15.00,,
Stockport MBC,Services to People,Childrens & Educational Services,WWW.TENPIN.CO.UK,Publicity and Promotion,Arts & Leisure Services  ,06.02.2018,16.03.2018,GPC02180000243,32.45,,
Stockport MBC,Services to People,Childrens & Educational Services,SAFETYSHOP,Furniture and Equipment,Furniture & Soft Furnishings  ,05.02.2018,16.03.2018,GPC02180000244,25.20,,
Stockport MBC,Services to People,Childrens & Educational Services,B & Q 1205,Grounds Maintenance,Horticultural  ,04.02.2018,16.03.2018,GPC02180000245,202.80,,
Stockport MBC,Services to People,Childrens & Educational Services,TESCO STORES 3378,Catering Supplies,Catering Food & Beverages ,04.02.2018,16.03.2018,GPC02180000246,117.29,,
Stockport MBC,Services to People,Adult Social Care,STOCKPORT NHS FOUNDATI,Mileage Claims /Allowances,Human Resources Travel & Subsistence ,16.02.2018,16.03.2018,GPC02180000247,3.50,,
Stockport MBC,Services to People,Adult Social Care,Q PARK PICCADILLY PLAC,Mileage Claims /Allowances,Human Resources Travel & Subsistence ,07.02.2018,16.03.2018,GPC02180000248,7.00,,
Stockport MBC,Services to Place,Cultural & Related Services,DOUBLE TREE BY HILTON,Expenses and Allowances,Human Resources Training & Conferences ,22.02.2018,16.03.2018,GPC02180000249,99.00,,
Stockport MBC,Services to Place,Cultural & Related Services,DOUBLE TREE BY HILTON,Expenses and Allowances,Human Resources Training & Conferences ,22.02.2018,16.03.2018,GPC02180000250,99.00,,
Stockport MBC,Services to People,Childrens & Educational Services,WEST COAST TRAINS,Travelling Expenses,Human Resources Travel & Subsistence ,28.02.2018,16.03.2018,GPC02180000251,5.10,,
Stockport MBC,Services to People,Childrens & Educational Services,TRAINLINE,Travelling Expenses,Human Resources Travel & Subsistence ,14.02.2018,16.03.2018,GPC02180000252,705.45,,
Stockport MBC,Corporate and Support Services,Central Support Costs,GITHUB.COM  AQ5H3,Information and Communications Technology,Information Communication Technology  ,28.02.2018,16.03.2018,GPC02180000253,153.22,,
Stockport MBC,Corporate and Support Services,Central Support Costs,FASTHOSTS INTERNET,Information and Communications Technology,Information Communication Technology  ,26.02.2018,16.03.2018,GPC02180000254,16.58,,
Stockport MBC,Corporate and Support Services,Central Support Costs,AMAZON EU,Furniture and Equipment,Furniture & Soft Furnishings  ,15.02.2018,16.03.2018,GPC02180000255,18.28,,
Stockport MBC,Corporate and Support Services,Central Support Costs,AUTH0.COM,Information and Communications Technology,Information Communication Technology  ,13.02.2018,16.03.2018,GPC02180000256,8.93,,
Stockport MBC,Corporate and Support Services,Central Support Costs,FASTHOSTS INTERNET,Information and Communications Technology,Information Communication Technology  ,13.02.2018,16.03.2018,GPC02180000257,41.74,,
Stockport MBC,Corporate and Support Services,Central Support Costs,WWWCONTENTFULCOM,Information and Communications Technology,Information Communication Technology  ,10.02.2018,16.03.2018,GPC02180000258,707.99,,
Stockport MBC,Corporate and Support Services,Central Support Costs,AUTH0.COM,Information and Communications Technology,Information Communication Technology  ,05.02.2018,16.03.2018,GPC02180000259,44.14,,
Stockport MBC,Corporate and Support Services,Central Support Costs,AMAZON MKTPLACE PMTS,Information and Communications Technology,Information Communication Technology  ,03.02.2018,16.03.2018,GPC02180000260,664.84,,
Stockport MBC,Corporate and Support Services,Cultural & Related Services,AMAZON EU AMAZON.CO.UK,Library Equipment,Education Library Books ,20.02.2018,16.03.2018,GPC02180000261,10.99,,
Stockport MBC,Services to People,Childrens & Educational Services,AMAZON EU,Furniture and Equipment,Furniture & Soft Furnishings  ,27.02.2018,16.03.2018,GPC02180000262,40.51,,
Stockport MBC,Services to People,Childrens & Educational Services,AMAZON EU,Furniture and Equipment,Furniture & Soft Furnishings  ,27.02.2018,16.03.2018,GPC02180000263,182.73,,
Stockport MBC,Services to People,Childrens & Educational Services,CROSS COUNTRY TRAINS,Travelling Expenses,Human Resources Travel & Subsistence ,26.02.2018,16.03.2018,GPC02180000264,30.20,,
Stockport MBC,Services to People,Childrens & Educational Services,AMAZON EU,Library Equipment,Education Library Books ,28.02.2018,16.03.2018,GPC02180000265,8.83,,
Stockport MBC,Services to People,Childrens & Educational Services,AMAZON UK MARKETPLACE,Library Equipment,Education Library Books ,19.02.2018,16.03.2018,GPC02180000266,9.99,,
Stockport MBC,Services to People,Childrens & Educational Services,AMAZON EU AMAZON.CO.UK,Office Expenses,Stationery    ,15.02.2018,16.03.2018,GPC02180000267,54.18,,
Stockport MBC,Services to People,Childrens & Educational Services,AMAZON EU AMAZON.CO.UK,Library Equipment,Education Library Books ,14.02.2018,16.03.2018,GPC02180000268,30.92,,
Stockport MBC,Corporate and Support Services,Central Support Costs,THE REPLACE BASE LTD,Furniture and Equipment,Environmental Services Technical Equipment ,01.03.2018,16.03.2018,GPC02180000269,112.48,,
Stockport MBC,Corporate and Support Services,Central Support Costs,THE REPLACE BASE LTD,Furniture and Equipment,Environmental Services Technical Equipment ,05.02.2018,16.03.2018,GPC02180000270,334.51,,
Stockport MBC,Corporate and Support Services,Central Support Costs,TRAINLINE,Travelling Expenses,Human Resources Travel & Subsistence ,28.02.2018,16.03.2018,GPC02180000271,226.40,,
Stockport MBC,Corporate and Support Services,Central Support Costs,TRAINLINE,Travelling Expenses,Human Resources Travel & Subsistence ,21.02.2018,16.03.2018,GPC02180000272,24.85,,
Stockport MBC,Corporate and Support Services,Central Support Costs,TRAINLINE,Travelling Expenses,Human Resources Travel & Subsistence ,19.02.2018,16.03.2018,GPC02180000273,227.35,,
Stockport MBC,Corporate and Support Services,Central Support Costs,TRAINLINE,Travelling Expenses,Human Resources Travel & Subsistence ,27.02.2018,16.03.2018,GPC02180000274,61.50,,
Stockport MBC,Services to Place,Cultural & Related Services,TRAINLINE,Travelling Expenses,Human Resources Travel & Subsistence ,27.02.2018,16.03.2018,GPC02180000275,52.50,,
Stockport MBC,Corporate and Support Services,Central Support Costs,TRAINLINE,Travelling Expenses,Human Resources Travel & Subsistence ,27.02.2018,16.03.2018,GPC02180000276,28.25,,
Stockport MBC,Corporate and Support Services,Cultural & Related Services,TRAINLINE,Travelling Expenses,Human Resources Travel & Subsistence ,22.02.2018,16.03.2018,GPC02180000277,165.10,,
Stockport MBC,Services to Place,Cultural & Related Services,TRAINLINE,Travelling Expenses,Human Resources Travel & Subsistence ,16.02.2018,16.03.2018,GPC02180000278,69.50,,
Stockport MBC,Corporate and Support Services,Central Support Costs,TRAINLINE,Travelling Expenses,Human Resources Travel & Subsistence ,16.02.2018,16.03.2018,GPC02180000279,495.90,,
Stockport MBC,Corporate and Support Services,Cultural & Related Services,TRAINLINE,Travelling Expenses,Human Resources Travel & Subsistence ,15.02.2018,16.03.2018,GPC02180000280,105.30,,
Stockport MBC,Corporate and Support Services,Central Services to the public,TRAINLINE,Travelling Expenses,Human Resources Travel & Subsistence ,15.02.2018,16.03.2018,GPC02180000281,173.30,,
Stockport MBC,Corporate and Support Services,Central Support Costs,TRAINLINE,Travelling Expenses,Human Resources Travel & Subsistence ,15.02.2018,16.03.2018,GPC02180000282,36.90,,
Stockport MBC,Corporate and Support Services,Central Support Costs,TRAINLINE,Travelling Expenses,Human Resources Travel & Subsistence ,15.02.2018,16.03.2018,GPC02180000283,69.00,,
Stockport MBC,Corporate and Support Services,Central Services to the public,TRAINLINE,Travelling Expenses,Human Resources Travel & Subsistence ,15.02.2018,16.03.2018,GPC02180000284,171.50,,
Stockport MBC,Corporate and Support Services,Central Services to the public,TRAINLINE,Travelling Expenses,Human Resources Travel & Subsistence ,15.02.2018,16.03.2018,GPC02180000285,100.00,,
Stockport MBC,Corporate and Support Services,Corporate & Democratic Core,TRAINLINE,Travelling Expenses,Human Resources Travel & Subsistence ,13.02.2018,16.03.2018,GPC02180000286,97.50,,
Stockport MBC,Corporate and Support Services,Cultural & Related Services,TRAINLINE,Travelling Expenses,Human Resources Travel & Subsistence ,13.02.2018,16.03.2018,GPC02180000287,295.20,,
Stockport MBC,Corporate and Support Services,Corporate & Democratic Core,HOTEL IBIS,Staff Training,Human Resources  ,13.02.2018,16.03.2018,GPC02180000288,141.55,,
Stockport MBC,Services to Place,Cultural & Related Services,TRAINLINE,Travelling Expenses,Human Resources Travel & Subsistence ,12.02.2018,16.03.2018,GPC02180000289,102.50,,
Stockport MBC,Corporate and Support Services,Cultural & Related Services,TRAINLINE,Travelling Expenses,Human Resources Travel & Subsistence ,09.02.2018,16.03.2018,GPC02180000290,26.05,,
Stockport MBC,Corporate and Support Services,Central Support Costs,TRAINLINE,Travelling Expenses,Human Resources Travel & Subsistence ,09.02.2018,16.03.2018,GPC02180000291,191.20,,
Stockport MBC,Corporate and Support Services,Central Support Costs,TRAINLINE,Travelling Expenses,Human Resources Travel & Subsistence ,09.02.2018,16.03.2018,GPC02180000292,124.20,,
Stockport MBC,Corporate and Support Services,Central Services to the public,TRAINLINE,Travelling Expenses,Human Resources Travel & Subsistence ,08.02.2018,16.03.2018,GPC02180000293,19.25,,
Stockport MBC,Corporate and Support Services,Central Services to the public,TRAINLINE,Travelling Expenses,Human Resources Travel & Subsistence ,08.02.2018,16.03.2018,GPC02180000294,8.25,,
Stockport MBC,Services to Place,Highways & Transport Services,VUE NCS CITB HS&E TEST,Staff Training,Human Resources  ,08.02.2018,16.03.2018,GPC02180000295,78.00,,
Stockport MBC,Corporate and Support Services,Central Support Costs,TRAINLINE,Travelling Expenses,Human Resources Travel & Subsistence ,08.02.2018,16.03.2018,GPC02180000296,11.25,,
Stockport MBC,Services to Place,Highways & Transport Services,WWW.NECCONTRACT.COM,Staff Training,Human Resources  ,06.02.2018,16.03.2018,GPC02180000297,360.00,,
Stockport MBC,Services to Place,Highways & Transport Services,WWW.NECCONTRACT.COM,Staff Training,Human Resources  ,06.02.2018,16.03.2018,GPC02180000298,588.00,,
Stockport MBC,Corporate and Support Services,Corporate & Democratic Core,TRAINLINE,Travelling Expenses,Human Resources Travel & Subsistence ,06.02.2018,16.03.2018,GPC02180000299,40.70,,
Stockport MBC,Corporate and Support Services,Central Support Costs,TRAINLINE,Travelling Expenses,Human Resources Travel & Subsistence ,02.02.2018,16.03.2018,GPC02180000300,123.20,,
